portfolio,bootstrap_posterior_alpha_ci_low_checkpoint,bootstrap_posterior_alpha_ci_high_checkpoint,bootstrap_rank_ci_low_checkpoint,bootstrap_rank_ci_high_checkpoint,bootstrap_top_quintile_probability_checkpoint,bootstrap_bottom_quintile_probability_checkpoint,bootstrap_posterior_alpha_ci_low_final,bootstrap_posterior_alpha_ci_high_final,bootstrap_rank_ci_low_final,bootstrap_rank_ci_high_final,bootstrap_top_quintile_probability_final,bootstrap_bottom_quintile_probability_final,absolute_change_bootstrap_posterior_alpha_ci_low,absolute_change_bootstrap_posterior_alpha_ci_high,absolute_change_bootstrap_rank_ci_low,absolute_change_bootstrap_rank_ci_high,absolute_change_bootstrap_top_quintile_probability,absolute_change_bootstrap_bottom_quintile_probability,checkpoint_replicates,final_replicates,bootstrap_random_seed
BIG HiBM,-0.001820636519644667,0.0001812241370814347,9.975000000000001,23.0,0.005,0.25,-0.0018015158426216446,0.000125881742201541,10.0,24.0,0.0032,0.263,1.9120677023022354e-05,5.53423948798937e-05,0.02499999999999858,1.0,0.0018,0.013000000000000012,1000,5000,2026
BIG LoBM,0.00015636471137908195,0.0014531453616219163,1.0,10.0,0.802,0.0,0.0001496911944753974,0.0014559659586795355,1.0,10.0,0.8134,0.0,6.673516903684551e-06,2.820597057619223e-06,0.0,0.0,0.011399999999999966,0.0,1000,5000,2026
ME1 BM2,-0.0033945496201711234,-0.0002634856956424397,15.0,25.0,0.0,0.824,-0.0033871048312734456,-0.0002667435370407231,15.0,25.0,0.0,0.814,7.444788897677766e-06,3.257841398283403e-06,0.0,0.0,0.0,0.010000000000000009,1000,5000,2026
ME1 BM3,-0.0016745823666731233,0.0001256115117885331,10.0,23.0,0.002,0.213,-0.001638591186576307,0.00013290374631233834,9.0,23.0,0.001,0.2168,3.599118009681634e-05,7.29223452380524e-06,1.0,0.0,0.001,0.003799999999999998,1000,5000,2026
ME1 BM4,-0.00018958331096523303,0.0016058233472393704,1.0,13.0,0.7,0.0,-0.0001868451813215383,0.0016235534719890939,1.0,12.0,0.6884,0.0,2.738129643694746e-06,1.7730124749723445e-05,0.0,1.0,0.011599999999999944,0.0,1000,5000,2026
ME2 BM1,-0.0023587693650925358,-0.0002516871183076868,16.0,25.0,0.0,0.748,-0.0023663156229032723,-0.00024640503567515965,15.0,25.0,0.0,0.7324,7.546257810736503e-06,5.282082632527131e-06,1.0,0.0,0.0,0.015599999999999947,1000,5000,2026
ME2 BM2,-0.0007789654036106173,0.0010092686421038265,2.0,18.0,0.227,0.004,-0.0008103613855728249,0.0009988179443768956,2.0,18.0,0.1986,0.0038,3.1395981962207544e-05,1.0450697726930875e-05,0.0,0.0,0.02840000000000001,0.0002000000000000001,1000,5000,2026
ME2 BM3,-0.0007656626992715833,0.0009316363926618931,3.0,19.0,0.114,0.004,-0.0007883272513003277,0.0009519907995675886,3.0,19.0,0.1326,0.0062,2.266455202874437e-05,2.0354406905695433e-05,0.0,0.0,0.01859999999999999,0.0021999999999999997,1000,5000,2026
ME2 BM4,-0.0007646646205266554,0.0007431709315833084,4.0,19.0,0.057,0.011,-0.0008123471939302296,0.0007579092644434484,4.0,19.0,0.0578,0.0068,4.768257340357414e-05,1.4738332860140093e-05,0.0,0.0,0.0007999999999999952,0.0042,1000,5000,2026
ME2 BM5,-0.00045443253286760887,0.00119409403876535,2.0,16.0,0.396,0.0,-0.00040997063032336946,0.0012253736805641826,2.0,15.0,0.399,0.001,4.446190254423941e-05,3.1279641798832554e-05,0.0,1.0,0.0030000000000000027,0.001,1000,5000,2026
ME3 BM1,-0.0016087312374302096,0.00011191982813129842,11.0,23.0,0.0,0.239,-0.0016364711181439098,8.18303276034576e-05,11.0,23.0,0.0008,0.2436,2.773988071370025e-05,3.008950052784083e-05,0.0,0.0,0.0008,0.004600000000000021,1000,5000,2026
ME3 BM2,-0.0003298992007331685,0.0013597879937510208,1.0,13.0,0.526,0.0,-0.00027880934280232183,0.0013413612204519574,1.0,12.024999999999636,0.513,0.0,5.1089857930846684e-05,1.8426773299063445e-05,0.0,0.9750000000003638,0.013000000000000012,0.0,1000,5000,2026
ME3 BM3,-0.0009623732242895279,0.000759156527243707,4.0,19.0,0.047,0.012,-0.0009674230280463308,0.0007591757211999518,4.0,20.0,0.0486,0.0138,5.049803756802893e-06,1.919395624481058e-08,0.0,1.0,0.0015999999999999973,0.0017999999999999995,1000,5000,2026
ME3 BM4,-0.0006815609878176731,0.0009765086231596423,2.0,18.0,0.17,0.002,-0.0006597207471677622,0.001000341783124478,3.0,18.0,0.184,0.0016,2.184024064991099e-05,2.383315996483577e-05,1.0,0.0,0.013999999999999985,0.00039999999999999996,1000,5000,2026
ME3 BM5,-0.0013488007597631012,0.0004278440962965961,7.0,23.0,0.01,0.089,-0.001394469535027464,0.0004901120577104571,6.0,22.0,0.0144,0.0956,4.56687752643627e-05,6.226796141386098e-05,1.0,1.0,0.004399999999999999,0.006600000000000009,1000,5000,2026
ME4 BM1,-0.00027099806190158585,0.001639068003994679,1.0,14.0,0.583,0.0,-0.00031282920830209425,0.0015585327292353794,1.0,15.0,0.58,0.0002,4.18311464005084e-05,8.053527475929958e-05,0.0,1.0,0.0030000000000000027,0.0002,1000,5000,2026
ME4 BM2,-0.0014140458601380496,0.0003666542555407459,8.0,23.0,0.002,0.133,-0.001407549462249218,0.0003300529254267159,9.0,23.0,0.0028,0.1306,6.496397888831624e-06,3.660133011403001e-05,1.0,0.0,0.0007999999999999999,0.0024000000000000132,1000,5000,2026
ME4 BM3,-0.0011492493397193917,0.0005562470919880606,6.0,21.0,0.018,0.03,-0.001137842846650505,0.0005453190957935435,6.0,21.0,0.0204,0.0262,1.1406493068886765e-05,1.0927996194517054e-05,0.0,0.0,0.002400000000000003,0.003799999999999998,1000,5000,2026
ME4 BM4,-0.0007763343107956796,0.0010731312678000648,2.0,18.0,0.228,0.004,-0.000716122363297124,0.0011321821927483793,2.0,18.0,0.2306,0.003,6.0211947498555645e-05,5.90509249483145e-05,0.0,0.0,0.002599999999999991,0.001,1000,5000,2026
ME4 BM5,-0.0020783123007930403,-8.72645594998745e-05,13.0,24.0,0.0,0.502,-0.00206765513455946,-0.00011407522516393216,13.0,24.0,0.0004,0.5076,1.065716623358014e-05,2.6810665664057657e-05,0.0,0.0,0.0004,0.005600000000000049,1000,5000,2026
ME5 BM2,-0.000913891304471439,0.0005625688210114852,5.0,20.0,0.029,0.016,-0.0009117718235885908,0.000546199014241782,5.0,20.0,0.0254,0.0112,2.119480882848161e-06,1.6369806769703146e-05,0.0,0.0,0.0036000000000000025,0.0048000000000000004,1000,5000,2026
ME5 BM3,-0.0008517691482060433,0.000864199267531223,3.0,19.0,0.115,0.007,-0.0008965182791930898,0.0008540954099326719,3.0,19.0,0.114,0.0068,4.4749130987046474e-05,1.0103857598551115e-05,0.0,0.0,0.0010000000000000009,0.00020000000000000052,1000,5000,2026
ME5 BM4,-0.0026716736695919113,-0.0006270811685442454,18.0,25.0,0.0,0.92,-0.0026421399749409764,-0.000679530532783085,19.0,25.0,0.0,0.9264,2.9533694650934854e-05,5.2449364238839596e-05,1.0,0.0,0.0,0.006399999999999961,1000,5000,2026
SMALL HiBM,0.00044828862047639707,0.002330483933615647,1.0,6.0,0.969,0.0,0.00048650815459038967,0.002306359328236522,1.0,6.0,0.9716,0.0,3.82195341139926e-05,2.41246053791248e-05,0.0,0.0,0.0026000000000000467,0.0,1000,5000,2026
SMALL LoBM,-0.004432588163900682,-0.0007874632878062718,22.0,25.0,0.0,0.992,-0.004653720447743861,-0.0007708041968082473,21.0,25.0,0.0,0.9894,0.00022113228384317875,1.6659090998024577e-05,1.0,0.0,0.0,0.0026000000000000467,1000,5000,2026
