portfolio,factor_model,sample_start,sample_end,n_obs,alpha,alpha_hac_se,alpha_hac_t_stat,alpha_p_value,hac_lags,r_squared,residual_volatility,coef_alpha,hac_se_alpha,hac_t_alpha,p_value_alpha,coef_mkt_rf,hac_se_mkt_rf,hac_t_mkt_rf,p_value_mkt_rf,coef_smb,hac_se_smb,hac_t_smb,p_value_smb,coef_hml,hac_se_hml,hac_t_hml,p_value_hml,prior_mean_alpha,prior_tau,shrinkage_weight,posterior_alpha,posterior_alpha_sd,posterior_alpha_ci_low,posterior_alpha_ci_high,posterior_probability_alpha_positive,posterior_alpha_annualized_bps,posterior_shortfall_annualized_bps,alpha_fdr_q_value,performance_rank,sensitivity_model,common_sample_start,common_sample_end,coef_rmw,hac_se_rmw,hac_t_rmw,p_value_rmw,coef_cma,hac_se_cma,hac_t_cma,p_value_cma
SMALL HiBM,ff3_common_sample,1963-07-31 23:59:59.999999999,2025-11-30 23:59:59.999999999,749,0.0017608692717883427,0.0006826037443396992,2.579636115960188,0.009890447205481247,12,0.9083833940311027,0.01901210396011629,0.0017608692717883427,0.0006826037443396992,2.579636115960188,0.009890447205481247,0.9441217650540061,0.018675165900989988,50.55493322305412,0.0,1.1027622140485007,0.048223603510737796,22.867685817028423,9.746654191927696e-116,0.6957006515696077,0.02813730337855711,24.725207039555453,5.730554227300524e-135,5.742738144863326e-05,0.0006831291107114308,0.5723094670056779,0.0011100184077078128,0.0004490962255454291,0.00022978980563877183,0.0019902470097768535,0.9932758513200377,133.20220892493754,0.0,0.049452236027406234,1,ff3_common_sample,1963-07-31 23:59:59.999999999,2025-11-30 23:59:59.999999999,,,,,,,,
BIG LoBM,ff3_common_sample,1963-07-31 23:59:59.999999999,2025-11-30 23:59:59.999999999,749,0.0016525249791832237,0.0004392618103579734,3.7620501947039506,0.0001685262141804043,12,0.946463082242038,0.010861959269367163,0.0016525249791832237,0.0004392618103579734,3.7620501947039506,0.0001685262141804043,0.9857220457732908,0.01371131754096097,71.89112518388993,0.0,-0.23176573636510306,0.02048376969005958,-11.31460370195311,1.1110320165516075e-29,-0.35584044490048455,0.023174754345637757,-15.354658763296246,3.2963946380466497e-53,5.742738144863326e-05,0.0006831291107114308,0.7827668396591928,0.0007552490243660249,0.0003257818330499306,0.00011671663158816089,0.0013937814171438888,0.9897825719353464,90.62988292392299,0.0,0.002106577677255054,2,ff3_common_sample,1963-07-31 23:59:59.999999999,2025-11-30 23:59:59.999999999,,,,,,,,
ME1 BM2,ff3_common_sample,1963-07-31 23:59:59.999999999,2025-11-30 23:59:59.999999999,749,4.734340805992666e-05,0.0008370074476135814,0.056562708246992256,0.9548935414698557,12,0.9239971401952364,0.019141019512909127,4.734340805992666e-05,0.0008370074476135814,0.056562708246992256,0.9548935414698557,0.9596993251363367,0.023769630292153638,40.37502112319912,0.0,1.3303450351847321,0.0707310757975873,18.80849428887255,6.433936883966608e-79,0.012729134844626271,0.04113683049639292,0.30943402034200046,0.7569913948573394,5.742738144863326e-05,0.0006831291107114308,0.5312932379710404,0.0007325861756910791,0.0004906355444118005,-0.0002290594913560498,0.001694231842738208,0.9322993597002905,87.91034108292949,0.0,0.9548935414698557,3,ff3_common_sample,1963-07-31 23:59:59.999999999,2025-11-30 23:59:59.999999999,,,,,,,,
ME4 BM1,ff3_common_sample,1963-07-31 23:59:59.999999999,2025-11-30 23:59:59.999999999,749,0.000525134774390624,0.0007141669727899665,0.7353109208328847,0.46215015869337217,12,0.9274229817515931,0.015622619649282684,0.000525134774390624,0.0007141669727899665,0.7353109208328847,0.46215015869337217,1.0638075669989544,0.01632027662071023,65.18318235176208,0.0,0.40951180830532974,0.035761280931120826,11.451262305007564,2.3174594891165097e-30,-0.3629508034430038,0.03095259620360213,-11.72602133454528,9.376326037161603e-32,5.742738144863326e-05,0.0006831291107114308,0.5768757105679628,0.0006505106555079988,0.00047894257825972986,-0.00028821679788107175,0.0015892381088970693,0.9128034764402727,78.06127866095986,0.0,0.768787472031306,4,ff3_common_sample,1963-07-31 23:59:59.999999999,2025-11-30 23:59:59.999999999,,,,,,,,
ME1 BM4,ff3_common_sample,1963-07-31 23:59:59.999999999,2025-11-30 23:59:59.999999999,749,0.0011933718557159622,0.0005786518278665085,2.0623314370507195,0.039176191992113356,12,0.950975827493499,0.012955786916583225,0.0011933718557159622,0.0005786518278665085,2.0623314370507195,0.039176191992113356,0.889543881728002,0.014319961841497442,62.11915168308732,0.0,1.085929730419107,0.028135645362884095,38.596226118617516,0.0,0.477244444959487,0.026547305603698515,17.977133050105028,2.943230331585801e-72,5.742738144863326e-05,0.0006831291107114308,0.6450024902314303,0.0006310314716889943,0.0004412193526103409,-0.00023375845942727382,0.0014958214028052623,0.9236700421165681,75.72377660267931,0.0,0.13991497140040485,5,ff3_common_sample,1963-07-31 23:59:59.999999999,2025-11-30 23:59:59.999999999,,,,,,,,
ME4 BM4,ff3_common_sample,1963-07-31 23:59:59.999999999,2025-11-30 23:59:59.999999999,749,0.0005500013389460932,0.0006220993828843483,0.8841052636895823,0.3766393920249914,12,0.8835840890996376,0.01724525244465027,0.0005500013389460932,0.0006220993828843483,0.8841052636895823,0.3766393920249914,1.0231323466371807,0.022323088764521295,45.83292023025386,0.0,0.2344524493550459,0.03396103972751648,6.903571010668554,5.071128842204087e-12,0.5668795230038292,0.05683072225485203,9.974878032725174,1.963425330097489e-23,5.742738144863326e-05,0.0006831291107114308,0.6235684593095052,0.0006056750687769196,0.00046482011812934546,-0.0003053723627565975,0.0015167225003104366,0.9037179275182323,72.68100825323035,0.0,0.7630312404139892,6,ff3_common_sample,1963-07-31 23:59:59.999999999,2025-11-30 23:59:59.999999999,,,,,,,,
ME2 BM2,ff3_common_sample,1963-07-31 23:59:59.999999999,2025-11-30 23:59:59.999999999,749,0.00017656785048115548,0.0005589153755858737,0.31591159984831546,0.7520696070769233,12,0.9466044958391304,0.014072297077726087,0.00017656785048115548,0.0005589153755858737,0.31591159984831546,0.7520696070769233,1.014533349452282,0.016133005650084797,62.885575785250495,0.0,0.9277218107173952,0.037664166274056526,24.631417670764154,5.8216201422344e-134,0.10347022002992351,0.04764541259963387,2.17167224260156,0.02988039363925232,5.742738144863326e-05,0.0006831291107114308,0.6986504319706948,0.0004110695909087897,0.00042762170569323203,-0.0004270689522499451,0.0012492081340675244,0.831797471842826,49.328350909054755,0.0,0.8546245534965038,7,ff3_common_sample,1963-07-31 23:59:59.999999999,2025-11-30 23:59:59.999999999,,,,,,,,
ME3 BM2,ff3_common_sample,1963-07-31 23:59:59.999999999,2025-11-30 23:59:59.999999999,749,0.0003999878474915984,0.000590307649471677,0.677592180703716,0.4980303052625489,12,0.922450703038564,0.015348023102905794,0.0003999878474915984,0.000590307649471677,0.677592180703716,0.4980303052625489,1.0213479774604433,0.012713657454384273,80.33470943550032,0.0,0.5966875915726838,0.03906569258946852,15.273953999564855,1.1404325454267823e-52,0.14426541017645486,0.051925612151198224,2.7783092812922345,0.005464258027778763,5.742738144863326e-05,0.0006831291107114308,0.7104512004759069,0.0002756506034364795,0.0004148079825855908,-0.0005373730424312785,0.0010886742493042374,0.7468230767713203,33.07807241237754,0.0,0.768787472031306,8,ff3_common_sample,1963-07-31 23:59:59.999999999,2025-11-30 23:59:59.999999999,,,,,,,,
ME5 BM2,ff3_common_sample,1963-07-31 23:59:59.999999999,2025-11-30 23:59:59.999999999,749,-4.056841116237011e-05,0.000524031350599377,-0.07741600023733072,0.9382926126325071,12,0.8935753067953345,0.01439834066632003,-4.056841116237011e-05,0.000524031350599377,-0.07741600023733072,0.9382926126325071,0.9735518261893032,0.02056673498343862,47.3362362559374,0.0,-0.18784005324827874,0.03995491385447186,-4.7013004190786205,2.585098553261346e-06,0.08235737129594012,0.04783302030083926,1.7217681588568872,0.08511152475496665,5.742738144863326e-05,0.0006831291107114308,0.7072306599452315,0.00017947153013142598,0.00039546345597068,-0.0005956368435711067,0.0009545799038339587,0.6750229036526335,21.536583615771118,0.0,0.9548935414698557,9,ff3_common_sample,1963-07-31 23:59:59.999999999,2025-11-30 23:59:59.999999999,,,,,,,,
ME2 BM3,ff3_common_sample,1963-07-31 23:59:59.999999999,2025-11-30 23:59:59.999999999,749,0.0006042315170877536,0.0006425565988522423,0.9403553214877158,0.3470353315914523,12,0.9298836617721725,0.014759041481833064,0.0006042315170877536,0.0006425565988522423,0.9403553214877158,0.3470353315914523,0.9791711664155481,0.020660636470550713,47.3930785148483,0.0,0.7652481161811948,0.07428897045322393,10.300965426126528,6.975766120505004e-25,0.37293602020577277,0.06344291130118171,5.878292981154955,4.14518783039893e-09,5.742738144863326e-05,0.0006831291107114308,0.6584390058939071,0.00017868624299899446,0.00043273391551440634,-0.000669472231409242,0.001026844717407231,0.6601688717165224,21.442349159879335,0.0,0.7630312404139892,10,ff3_common_sample,1963-07-31 23:59:59.999999999,2025-11-30 23:59:59.999999999,,,,,,,,
ME3 BM4,ff3_common_sample,1963-07-31 23:59:59.999999999,2025-11-30 23:59:59.999999999,749,0.00023787826945762794,0.0006175809760449986,0.3851774563734222,0.7001059444671638,12,0.918136109514281,0.014742086609294713,0.00023787826945762794,0.0006175809760449986,0.3851774563734222,0.7001059444671638,0.9964310629305234,0.016717430767381504,59.60431819910549,0.0,0.443157840493889,0.04981249690953378,8.896519307167507,5.762544239892015e-19,0.6191744517674417,0.05554911443926386,11.146432450231641,7.453515477939391e-29,5.742738144863326e-05,0.0006831291107114308,0.6697987823170128,0.00016644943068372682,0.0004399986576118335,-0.0006959479382354669,0.0010288467996029205,0.6473943872282324,19.97393168204722,0.0,0.8546245534965038,11,ff3_common_sample,1963-07-31 23:59:59.999999999,2025-11-30 23:59:59.999999999,,,,,,,,
ME5 BM3,ff3_common_sample,1963-07-31 23:59:59.999999999,2025-11-30 23:59:59.999999999,749,-0.00041139207374171923,0.0006437325795112167,-0.6390729424539727,0.5227754809812881,12,0.8530534624301195,0.016642497004994695,-0.00041139207374171923,0.0006437325795112167,-0.6390729424539727,0.5227754809812881,0.9471368052830278,0.02260964323632385,41.89083372007354,0.0,-0.21411253188745025,0.03969597603262006,-5.393809481129872,6.897935706732366e-08,0.3025783755532506,0.03817784998221341,7.925495429790263,2.27238508318094e-15,5.742738144863326e-05,0.0006831291107114308,0.6452189760786898,4.293226994727742e-05,0.0004449726159574954,-0.0008292140573294137,0.0009150785972239685,0.5384314920289196,5.1518723936732895,0.0,0.768787472031306,12,ff3_common_sample,1963-07-31 23:59:59.999999999,2025-11-30 23:59:59.999999999,,,,,,,,
ME2 BM4,ff3_common_sample,1963-07-31 23:59:59.999999999,2025-11-30 23:59:59.999999999,749,0.0004251488098566566,0.0005017140052149681,0.8473927485330894,0.3967762450152744,12,0.9456805552771881,0.012563451635323585,0.0004251488098566566,0.0005017140052149681,0.8473927485330894,0.3967762450152744,0.9519543453246072,0.013308737392794581,71.52852424903959,0.0,0.7415123993797885,0.03630703162333836,20.423382640379234,1.0363389808400032e-92,0.5671763640210822,0.031112617275016245,18.22978629562389,2.9948905213329674e-74,5.742738144863326e-05,0.0006831291107114308,0.7403182437789062,2.156175568521003e-05,0.0003607932204076366,-0.0006855929563137577,0.0007287164676841779,0.5238274389582391,2.5874106822252037,0.0,0.7630312404139892,13,ff3_common_sample,1963-07-31 23:59:59.999999999,2025-11-30 23:59:59.999999999,,,,,,,,
ME3 BM3,ff3_common_sample,1963-07-31 23:59:59.999999999,2025-11-30 23:59:59.999999999,749,-0.0002574921077732489,0.0006645614035611664,-0.3874617249714371,0.6984144153311735,12,0.9049860006221768,0.01568016964863775,-0.0002574921077732489,0.0006645614035611664,-0.3874617249714371,0.6984144153311735,0.9838657368792174,0.023938231957882,41.10018394885115,0.0,0.44794252858728295,0.07357941234766281,6.087878583084545,1.14416585917556e-09,0.41801323275594193,0.062074135339351064,6.73409674529849,1.6495140149584127e-11,5.742738144863326e-05,0.0006831291107114308,0.6904882270332494,-4.799859201942734e-05,0.0004163886680289429,-0.0008641203813561554,0.0007681231973173007,0.4541141588555585,-5.759831042331281,5.759831042331281,0.8546245534965038,14,ff3_common_sample,1963-07-31 23:59:59.999999999,2025-11-30 23:59:59.999999999,,,,,,,,
BIG HiBM,ff3_common_sample,1963-07-31 23:59:59.999999999,2025-11-30 23:59:59.999999999,749,-0.0015919609140226095,0.0010309575482040224,-1.5441575812659618,0.12255016222318547,12,0.8057035526884802,0.024804196894340713,-0.0015919609140226095,0.0010309575482040224,-1.5441575812659618,0.12255016222318547,1.1244011571547754,0.037289600085276174,30.15321040138336,9.735609558170609e-200,-0.10735904735925546,0.05443869868068183,-1.9721089952753224,0.048597165316438505,0.8286298376549488,0.03257074818594754,25.440921188677404,8.89726063118219e-143,5.742738144863326e-05,0.0006831291107114308,0.43148201843305795,-7.374107958454324e-05,0.0005489278806544509,-0.001149639725667267,0.0010021575664981807,0.44656822485595926,-8.84892955014519,8.84892955014519,0.3404171172866263,15,ff3_common_sample,1963-07-31 23:59:59.999999999,2025-11-30 23:59:59.999999999,,,,,,,,
ME2 BM5,ff3_common_sample,1963-07-31 23:59:59.999999999,2025-11-30 23:59:59.999999999,749,-0.00017990382007401697,0.0005019878667214123,-0.3583828056423085,0.7200568573897421,12,0.9548988836777971,0.013260612068934214,-0.00017990382007401697,0.0005019878667214123,-0.3583828056423085,0.7200568573897421,1.078462223517611,0.01742383620173172,61.895796713838756,0.0,0.8953014891460636,0.022275508391937357,40.19219105545169,0.0,0.7981657076525324,0.025603333963517817,31.17428803568467,2.3776109695657857e-213,5.742738144863326e-05,0.0006831291107114308,0.6862606434503707,-7.545283598441868e-05,0.0003981551606935011,-0.0008558369509436809,0.0007049312789748436,0.4248480830879524,-9.05434031813024,9.05434031813024,0.8546245534965038,16,ff3_common_sample,1963-07-31 23:59:59.999999999,2025-11-30 23:59:59.999999999,,,,,,,,
ME1 BM3,ff3_common_sample,1963-07-31 23:59:59.999999999,2025-11-30 23:59:59.999999999,749,-0.00026578721249460055,0.0005294368406712522,-0.5020187340148436,0.6156543430578633,12,0.9444488042224388,0.014353648210281294,-0.00026578721249460055,0.0005294368406712522,-0.5020187340148436,0.6156543430578633,0.9357918529514884,0.01563523667737514,59.851467058737875,0.0,1.0969158324672752,0.03035340379581075,36.13814911323609,5.71172598679e-286,0.2886842209067778,0.02875911222332483,10.038008776663244,1.0374725047361867e-23,5.742738144863326e-05,0.0006831291107114308,0.6868908077550707,-0.00010426178788457523,0.0004030296748388909,-0.0008941999505688013,0.0006856763747996509,0.397935263814473,-12.511414546149028,12.511414546149028,0.8546245534965038,17,ff3_common_sample,1963-07-31 23:59:59.999999999,2025-11-30 23:59:59.999999999,,,,,,,,
ME4 BM3,ff3_common_sample,1963-07-31 23:59:59.999999999,2025-11-30 23:59:59.999999999,749,-0.00040620196756890664,0.0006258451171830139,-0.6490455168800531,0.5163089561447196,12,0.8853558723064883,0.016908547613868063,-0.00040620196756890664,0.0006258451171830139,-0.6490455168800531,0.5163089561447196,1.0368074959479057,0.018587130072397737,55.78093508301132,0.0,0.17042965815923555,0.06327461537533995,2.6934918078641883,0.007070788305730672,0.4309349281391452,0.07016039987275188,6.142138997507438,8.141756208518689e-10,5.742738144863326e-05,0.0006831291107114308,0.6550155074422712,-0.00012246422244132886,0.00045508302164088256,-0.0010144269448574587,0.0007694984999748009,0.39392519736366294,-14.695706692959462,14.695706692959462,0.768787472031306,18,ff3_common_sample,1963-07-31 23:59:59.999999999,2025-11-30 23:59:59.999999999,,,,,,,,
ME3 BM5,ff3_common_sample,1963-07-31 23:59:59.999999999,2025-11-30 23:59:59.999999999,749,0.00010126367168124716,0.0007577222229795641,0.13364220899190685,0.8936855056009226,12,0.9060471373518578,0.0181464997216242,0.00010126367168124716,0.0007577222229795641,0.13364220899190685,0.8936855056009226,1.0890092936978544,0.026056586243239525,41.79401259750217,0.0,0.5804481814358353,0.07983595962383597,7.270510483881448,3.581315138494588e-13,0.8496511616457154,0.058575661268291335,14.50519111946681,1.1232419162476898e-47,5.742738144863326e-05,0.0006831291107114308,0.5580809252219864,-0.00015948759385843328,0.00048364738335033257,-0.001107436465225085,0.0007884612775082185,0.3707906312465653,-19.138511263011992,19.138511263011992,0.9548935414698557,19,ff3_common_sample,1963-07-31 23:59:59.999999999,2025-11-30 23:59:59.999999999,,,,,,,,
ME4 BM5,ff3_common_sample,1963-07-31 23:59:59.999999999,2025-11-30 23:59:59.999999999,749,-0.0011164311320307322,0.0006628100765441069,-1.6843907048785476,0.09210618598731675,12,0.876984106306729,0.020453193156111143,-0.0011164311320307322,0.0006628100765441069,-1.6843907048785476,0.09210618598731675,1.1405099350746672,0.028022443463711275,40.69987460414056,0.0,0.30047521102024516,0.0528091901726629,5.68982804011618,1.271673686029175e-08,0.8448218627377574,0.04274399398207506,19.76469169193778,5.996356883460775e-87,5.742738144863326e-05,0.0006831291107114308,0.5832489964587082,-0.00018957429949155222,0.0004942724377525099,-0.0011583482774864718,0.0007791996785033673,0.3506589224801303,-22.74891593898627,22.74891593898627,0.2878318312103648,20,ff3_common_sample,1963-07-31 23:59:59.999999999,2025-11-30 23:59:59.999999999,,,,,,,,
ME2 BM1,ff3_common_sample,1963-07-31 23:59:59.999999999,2025-11-30 23:59:59.999999999,749,-0.001887908888163747,0.0006494882334074543,-2.906763804263369,0.0036518882749280706,12,0.9417777198934608,0.017312038851633627,-0.001887908888163747,0.0006494882334074543,-2.906763804263369,0.0036518882749280706,1.1216970755842852,0.021558615236701793,52.03010783710667,0.0,1.0478363181090402,0.032326694248018074,32.41396444900277,1.7448970032495786e-230,-0.3423246910295066,0.035225936528481196,-9.717972742973833,2.5276357447310623e-22,5.742738144863326e-05,0.0006831291107114308,0.681369253454336,-0.00024291511689048095,0.00045501733571210677,-0.0011347490948862102,0.0006489188611052484,0.296719532138483,-29.149814026857715,29.149814026857715,0.02282430171830044,21,ff3_common_sample,1963-07-31 23:59:59.999999999,2025-11-30 23:59:59.999999999,,,,,,,,
ME3 BM1,ff3_common_sample,1963-07-31 23:59:59.999999999,2025-11-30 23:59:59.999999999,749,-0.0012238455384559856,0.0005167521134697928,-2.36834162174651,0.017868028706579584,12,0.9417508503923901,0.015760478572085405,-0.0012238455384559856,0.0005167521134697928,-2.36834162174651,0.017868028706579584,1.1039311989219422,0.01837118198201014,60.09037415246116,0.0,0.7518984202234917,0.025548100678232325,29.430697400692868,2.223788142105187e-190,-0.3682245488735073,0.029154299763452234,-12.630196981616852,1.4391751915538757e-36,5.742738144863326e-05,0.0006831291107114308,0.7129179536994196,-0.0004573522983159424,0.00038579026960402905,-0.0012135012267398392,0.0002987966301079545,0.11791096554151875,-54.88227579791309,54.88227579791309,0.07445011961074827,22,ff3_common_sample,1963-07-31 23:59:59.999999999,2025-11-30 23:59:59.999999999,,,,,,,,
ME4 BM2,ff3_common_sample,1963-07-31 23:59:59.999999999,2025-11-30 23:59:59.999999999,749,-0.00066717898811133,0.0007171415324502088,-0.9303309847804028,0.3521997398244785,12,0.8979555130102219,0.016442701544723236,-0.00066717898811133,0.0007171415324502088,-0.9303309847804028,0.3521997398244785,1.0564850039149607,0.02169130124201408,48.70546917068513,0.0,0.2318353154218511,0.058110110206564584,3.989586572762361,6.618855870334506e-05,0.18278896992341634,0.06408074107651797,2.8524790265011206,0.00433796749571936,5.742738144863326e-05,0.0006831291107114308,0.6502362553164717,-0.0005386161071248846,0.00047719256979473693,-0.001473913543922569,0.00039668132967279977,0.1295082899928175,-64.63393285498616,64.63393285498616,0.7630312404139892,23,ff3_common_sample,1963-07-31 23:59:59.999999999,2025-11-30 23:59:59.999999999,,,,,,,,
ME5 BM4,ff3_common_sample,1963-07-31 23:59:59.999999999,2025-11-30 23:59:59.999999999,749,-0.002178100935106401,0.0007481262563903079,-2.9114082235473036,0.0035980359131884314,12,0.8946468445889628,0.01540467100591245,-0.002178100935106401,0.0007481262563903079,-2.9114082235473036,0.0035980359131884314,1.0242425138958604,0.02891908111713536,35.41753314177635,9.173140490265566e-275,-0.20171226167646134,0.031661471724256006,-6.370906047362562,1.8791473582416389e-10,0.6664090636556363,0.045440173410588335,14.665636454203137,1.0700904051850067e-48,5.742738144863326e-05,0.0006831291107114308,0.5799521730314077,-0.000759263509768858,0.000462981261043796,-0.0016667067814146981,0.0001481797618769821,0.05050836769896187,-91.11162117226297,91.11162117226297,0.02282430171830044,24,ff3_common_sample,1963-07-31 23:59:59.999999999,2025-11-30 23:59:59.999999999,,,,,,,,
SMALL LoBM,ff3_common_sample,1963-07-31 23:59:59.999999999,2025-11-30 23:59:59.999999999,749,-0.004802339179319779,0.001016041511201417,-4.726518677018677,2.2840179288971065e-06,12,0.9036650905124204,0.024744769933797768,-0.004802339179319779,0.001016041511201417,-4.726518677018677,2.2840179288971065e-06,1.0991686437357278,0.028475916230601576,38.59993950096358,0.0,1.4042361584904268,0.045828660980186876,30.641003434456024,3.482640212404199e-206,-0.2602867100159112,0.038253918614481824,-6.804184236366681,1.0162342003008281e-11,5.742738144863326e-05,0.0006831291107114308,0.453694421512184,-0.0015540802479504577,0.0005413201380479348,-0.0026150677185244097,-0.0004930927773765055,0.002046473934537954,-186.4896297540549,186.4896297540549,5.710044822242766e-05,25,ff3_common_sample,1963-07-31 23:59:59.999999999,2025-11-30 23:59:59.999999999,,,,,,,,
SMALL HiBM,ff5_common_sample,1963-07-31 23:59:59.999999999,2025-11-30 23:59:59.999999999,749,0.0015302776092071236,0.0006137305271290013,2.493403116781042,0.012652510812624723,12,0.90616500873063,0.01924090476152139,0.0015302776092071236,0.0006137305271290013,2.493403116781042,0.012652510812624723,0.9618966452825994,0.024060272701719204,39.9786260616185,0.0,1.0858650993370769,0.04116491832568181,26.378410148809444,2.4241694792073374e-153,0.41122828203909323,0.06181752032501089,6.652293393151738,2.8856073870465726e-11,0.00011027698872524444,0.0005872213825458055,0.5632977630444862,0.0011010581152282907,0.0003897107779577845,0.0003372249904310331,0.0018648912400255483,0.9976383377970744,132.1269738273949,0.0,0.06326255406312362,1,ff5_common_sample,1963-07-31 23:59:59.999999999,2025-11-30 23:59:59.999999999,-0.0034149987617967856,0.04613158711407305,-0.07402734168569274,0.9409886294244917,0.24838941141015788,0.1362972694344133,1.822409300207468,0.0683929044843949
ME4 BM1,ff5_common_sample,1963-07-31 23:59:59.999999999,2025-11-30 23:59:59.999999999,749,0.0011679513116167825,0.0008102693619776757,1.4414358563010328,0.14946158652363922,12,0.931006109059976,0.015232094225108501,0.0011679513116167825,0.0008102693619776757,1.4414358563010328,0.14946158652363922,1.0445848102300321,0.017342319608961793,60.233281001823656,0.0,0.3802891258242817,0.028289451361229855,13.442789008819753,3.3939934497673e-41,-0.3793972536821344,0.034370540884637105,-11.038442919928467,2.4931604310658857e-28,0.00011027698872524444,0.0005872213825458055,0.4761395350612288,0.0005816298302955265,0.00043955805285814364,-0.00027990395330643495,0.0014431636138974879,0.9071180635405671,69.79557963546318,0.0,0.3030877490835095,2,ff5_common_sample,1963-07-31 23:59:59.999999999,2025-11-30 23:59:59.999999999,-0.12657473523107732,0.049763817968889554,-2.5435093286091317,0.010974512647825289,-0.09608827535126517,0.05168989674456832,-1.8589372663307229,0.06303603103052104
ME1 BM4,ff5_common_sample,1963-07-31 23:59:59.999999999,2025-11-30 23:59:59.999999999,749,0.001512533649854516,0.000576839877502228,2.6221031326820397,0.008738898161453727,12,0.9518657465594268,0.01283765738179996,0.001512533649854516,0.000576839877502228,2.6221031326820397,0.008738898161453727,0.8808192150788916,0.01568915876208132,56.1419020889583,0.0,1.065106520755328,0.02430133181324758,43.82914191454717,0.0,0.29614815909047987,0.032150896615815154,9.211194407088586,3.2251593349806856e-20,0.00011027698872524444,0.0005872213825458055,0.6407824078302451,0.0005638178181172006,0.0003553361176558076,-0.00013264097248818227,0.0012602766087225835,0.9437116099331564,67.65813817406408,0.0,0.0546181135090858,3,ff5_common_sample,1963-07-31 23:59:59.999999999,2025-11-30 23:59:59.999999999,-0.054772596697233875,0.04899765219715722,-1.1178616574696147,0.26362608307013513,0.0253904425170585,0.039442256360035725,0.6437370693321943,0.5197459476988513
ME4 BM4,ff5_common_sample,1963-07-31 23:59:59.999999999,2025-11-30 23:59:59.999999999,749,0.0003230525649592022,0.000609336329261106,0.5301711869878865,0.5959932461684627,12,0.8865259165923677,0.017025964657108678,0.0003230525649592022,0.000609336329261106,0.5301711869878865,0.5959932461684627,1.022956823279995,0.022051269940259254,46.38992792938293,0.0,0.2633079488577003,0.026154591283761932,10.067370046083456,7.700977263825472e-24,0.5204099813545895,0.06246587570659351,8.331108392668515,8.008896097699655e-17,0.00011027698872524444,0.0005872213825458055,0.5442410058917856,0.000533801939316441,0.00041520076084561016,-0.0002799915519409549,0.001347595430573837,0.900716994429726,64.05623271797292,0.0,0.8476368294349508,4,ff5_common_sample,1963-07-31 23:59:59.999999999,2025-11-30 23:59:59.999999999,0.07672127284652096,0.05244435812289511,1.4629080342014429,0.1434925453085083,0.00903355752565764,0.07736389337522516,0.1167671006659875,0.9070446152290134
ME1 BM2,ff5_common_sample,1963-07-31 23:59:59.999999999,2025-11-30 23:59:59.999999999,749,0.0016072888456964243,0.0008337429790190278,1.9277989574047645,0.053880137463906554,12,0.9368778391707953,0.017443797148900958,0.0016072888456964243,0.0008337429790190278,1.9277989574047645,0.053880137463906554,0.9310523473372236,0.01766091496281705,52.71823964372419,0.0,1.217163805234385,0.04220183554428266,28.84148970148957,6.478590847273894e-183,-0.16985740777030287,0.0423800570928291,-4.0079560864735955,6.124650473086605e-05,0.00011027698872524444,0.0005872213825458055,0.45746772560142046,0.0004986762659157978,0.0004377241761027476,-0.00035926311924558744,0.001356615651077183,0.8727000746916957,59.841151909895736,0.0,0.19242906237109483,5,ff5_common_sample,1963-07-31 23:59:59.999999999,2025-11-30 23:59:59.999999999,-0.4127425778596007,0.06433243918550043,-6.415776909522603,1.4010649300902757e-10,-0.012417069390021162,0.05044030408392239,-0.24617356329497317,0.8055478793706506
BIG LoBM,ff5_common_sample,1963-07-31 23:59:59.999999999,2025-11-30 23:59:59.999999999,749,0.0011772068057561522,0.00042331696541100214,2.780911000373424,0.005420659561724205,12,0.9532552181191286,0.010149579662117497,0.0011772068057561522,0.00042331696541100214,2.780911000373424,0.005420659561724205,0.9884296013921904,0.013962623154401398,70.7911107004711,0.0,-0.18827294584701473,0.017760480588676245,-10.600667302159271,2.958615545592376e-26,-0.2993101379792968,0.02052816515485214,-14.58046229273201,3.739756582045e-48,0.00011027698872524444,0.0005872213825458055,0.7512086351954987,0.0004899425785620108,0.00029372413157096054,-8.575671931707182e-05,0.0010656418764410935,0.9523457614360412,58.793109427441294,0.0,0.045172163014368376,6,ff5_common_sample,1963-07-31 23:59:59.999999999,2025-11-30 23:59:59.999999999,0.17665476220469908,0.023277752115406065,7.588995764233717,3.223942993560028e-14,-0.06751503771453984,0.036248487151197044,-1.862561530717849,0.06252398094067695
ME2 BM2,ff5_common_sample,1963-07-31 23:59:59.999999999,2025-11-30 23:59:59.999999999,749,0.0003399107781188967,0.0005007147667025439,0.6788511158905468,0.4972322021024328,12,0.9536204269638433,0.013115233354976554,0.0003399107781188967,0.0005007147667025439,0.6788511158905468,0.4972322021024328,1.0021376434213438,0.014313762511435239,70.0121748296954,0.0,0.9386197645935168,0.03095600756662778,30.321085901445468,6.045681251918748e-202,-0.03522212376031488,0.03156308912816255,-1.1159276462862917,0.2644531067372955,0.00011027698872524444,0.0005872213825458055,0.6486544452342238,0.00035837665215653156,0.0003648640444240023,-0.000356756874914513,0.001073510179227576,0.8370041877516757,43.005198258783786,0.0,0.828720336837388,7,ff5_common_sample,1963-07-31 23:59:59.999999999,2025-11-30 23:59:59.999999999,0.012449180266352057,0.0725074988058071,0.1716950725288983,0.8636772598408406,-0.024147184976120242,0.04966624488776361,-0.4861890612162918,0.6268331263043585
ME3 BM4,ff5_common_sample,1963-07-31 23:59:59.999999999,2025-11-30 23:59:59.999999999,749,-0.0001853834083882592,0.0005926080068431393,-0.3128263645572534,0.7544125839417068,12,0.9249190250409232,0.014118147666379581,-0.0001853834083882592,0.0005926080068431393,-0.3128263645572534,0.7544125839417068,0.9992533269080035,0.015577867100472362,64.1457088100144,0.0,0.48611432345247935,0.02690077297293919,18.07064517965657,5.4275280244153245e-73,0.5258464142144263,0.05386354705629923,9.762565648801433,1.6297898008818221e-22,0.00011027698872524444,0.0005872213825458055,0.6080182163569853,0.00032861221083359395,0.0003916500266334888,-0.00043902184136804413,0.001096246263035232,0.7992781245004903,39.43346530003128,0.0,0.8572870272064851,8,ff5_common_sample,1963-07-31 23:59:59.999999999,2025-11-30 23:59:59.999999999,0.1390931909041146,0.05868133635884549,2.3703139624077085,0.01777298578731019,0.031155670088613915,0.05614970164263535,0.5548679543642833,0.5789849823826664
ME2 BM3,ff5_common_sample,1963-07-31 23:59:59.999999999,2025-11-30 23:59:59.999999999,749,0.00017218860075476333,0.0006641761170188894,0.25925141892728765,0.7954412602796259,12,0.9417194664339164,0.01345582404025017,0.00017218860075476333,0.0006641761170188894,0.25925141892728765,0.7954412602796259,0.9754438236090468,0.018628275344000373,52.36361421526921,0.0,0.8189393619107468,0.03172898586690962,25.810448696528443,6.768716318555664e-147,0.2538289336085994,0.04679106112086791,5.42473129542678,5.804178747376086e-08,0.00011027698872524444,0.0005872213825458055,0.5902220074369249,0.00028890067144582513,0.0003908943533995292,-0.00047725226121725204,0.0010550536041089022,0.7700696035183456,34.66808057349902,0.0,0.8646100655213325,9,ff5_common_sample,1963-07-31 23:59:59.999999999,2025-11-30 23:59:59.999999999,0.19720121809424074,0.07863740008961198,2.5077281022709075,0.012151012669798934,-0.0330902156764655,0.048565752280271456,-0.6813487719803636,0.49565082940010174
ME5 BM3,ff5_common_sample,1963-07-31 23:59:59.999999999,2025-11-30 23:59:59.999999999,749,-0.0008669141026215172,0.0006785386553400204,-1.2776193305996701,0.20138368129296913,12,0.8507505727244494,0.016772397456955208,-0.0008669141026215172,0.0006785386553400204,-1.2776193305996701,0.20138368129296913,0.9588020738893798,0.023099554876320497,41.507383108592016,0.0,-0.17184417673218857,0.03669322611278435,-4.683267047819381,2.823382890936544e-06,0.27663789351398194,0.04724548355117533,5.855329921945523,4.760639926226197e-09,0.00011027698872524444,0.0005872213825458055,0.5132882075832467,0.00020215137764659327,0.0004271023194654913,-0.0006349691685057697,0.0010392719237989562,0.6820036338997905,24.258165317591192,0.0,0.35961371659458774,10,ff5_common_sample,1963-07-31 23:59:59.999999999,2025-11-30 23:59:59.999999999,0.058817037084167925,0.05598310263049144,1.0506212467783622,0.2934325788298705,0.12327001631627824,0.050961995820329176,2.4188616307508264,0.015569161304633903
ME3 BM2,ff5_common_sample,1963-07-31 23:59:59.999999999,2025-11-30 23:59:59.999999999,749,1.5835324680244265e-05,0.0005714587085284573,0.027710356748296368,0.977893163385918,12,0.931734330402453,0.014400072843067236,1.5835324680244265e-05,0.0005714587085284573,0.027710356748296368,0.977893163385918,1.0204973911927202,0.015814576490221863,64.52891051642722,0.0,0.6449670615275035,0.020844096381879416,30.94243327756815,3.211760970597318e-210,0.03420879035156003,0.030902802731732314,1.1069801871541245,0.2683024945423209,0.00011027698872524444,0.0005872213825458055,0.6355298072640446,0.00019669415125619683,0.0003712292433463066,-0.0005309151657025642,0.0009243034682149577,0.7018904789743243,23.603298150743615,0.0,0.977893163385918,11,ff5_common_sample,1963-07-31 23:59:59.999999999,2025-11-30 23:59:59.999999999,0.1478095068471698,0.04862648819294289,3.0396911712127554,0.0023682085085323197,0.011348568020417612,0.05124197419464156,0.2214701560347834,0.8247263716849942
BIG HiBM,ff5_common_sample,1963-07-31 23:59:59.999999999,2025-11-30 23:59:59.999999999,749,-0.0001750693164218643,0.0008542855088131156,-0.20493068724189564,0.837626279046787,12,0.8202684127294809,0.023856402040924558,-0.0001750693164218643,0.0008542855088131156,-0.20493068724189564,0.837626279046787,1.071173834259223,0.035232863352897124,30.402690338568313,5.0610934137938054e-203,-0.14752575634874934,0.062411492240012606,-2.363759478485425,0.018090553203873032,1.034180933976315,0.060151647245038964,17.192894647812153,3.001645230198703e-66,0.00011027698872524444,0.0005872213825458055,0.4398884530570188,0.00019117105754003805,0.0004682516337889813,-0.0007266021446863653,0.0011089442597664414,0.6584606724744926,22.940526904804567,0.0,0.8725273740070697,12,ff5_common_sample,1963-07-31 23:59:59.999999999,2025-11-30 23:59:59.999999999,-0.24346520398446495,0.10313014787169418,-2.3607568592586894,0.018237683535263425,-0.39518122999919186,0.0938591595724307,-4.210364036918872,2.5495952595072233e-05
ME2 BM1,ff5_common_sample,1963-07-31 23:59:59.999999999,2025-11-30 23:59:59.999999999,749,-0.0007961600543721266,0.0005547319354087134,-1.4352158286786474,0.1512256044207903,12,0.9528583719485544,0.015577792042731513,-0.0007961600543721266,0.0005547319354087134,-1.4352158286786474,0.1512256044207903,1.0883111096096065,0.017227621601935937,63.172452631958706,0.0,1.0042897423626138,0.031327218998651,32.05805604403826,1.6952949309812012e-225,-0.44570786882898633,0.03966689203615845,-11.236268987817352,2.705778275595543e-29,0.00011027698872524444,0.0005872213825458055,0.6525593084794947,0.00012257288431239582,0.0003811441573388778,-0.0006244696640718047,0.0008696154326965963,0.6261190700221286,14.708746117487498,0.0,0.3030877490835095,13,ff5_common_sample,1963-07-31 23:59:59.999999999,2025-11-30 23:59:59.999999999,-0.22214033453687848,0.06210398973140306,-3.576909237194347,0.0003476808258456308,-0.11848450698553158,0.05427309359065969,-2.183116884384172,0.02902720347866999
ME2 BM4,ff5_common_sample,1963-07-31 23:59:59.999999999,2025-11-30 23:59:59.999999999,749,0.00017369770882031573,0.0004705325389862602,0.36915132202023504,0.7120149367253585,12,0.9485143626578352,0.012231348994369373,0.00017369770882031573,0.0004705325389862602,0.36915132202023504,0.7120149367253585,0.9530511529693014,0.015110609932227143,63.0716534437622,0.0,0.76287667362237,0.023071404108693395,33.0658970745051,9.192990655030443e-240,0.42856666165951735,0.02459420117589711,17.425516632738724,5.282913847411735e-68,0.00011027698872524444,0.0005872213825458055,0.6609288461251295,0.00011152662058227691,0.0003481892687641668,-0.00057092434619549,0.0007939775873600438,0.6256312775770686,13.38319446987323,0.0,0.8476368294349508,14,ff5_common_sample,1963-07-31 23:59:59.999999999,2025-11-30 23:59:59.999999999,0.10221047326924533,0.032756877426838756,3.120275230675712,0.0018068213114181293,0.03284105077284404,0.045920813592034045,0.7151670060684864,0.47450585383284294
ME3 BM3,ff5_common_sample,1963-07-31 23:59:59.999999999,2025-11-30 23:59:59.999999999,749,-0.0008736801691596763,0.0006182412066745353,-1.4131703932501112,0.15760562952342494,12,0.9169459713140968,0.014660112714549919,-0.0008736801691596763,0.0006182412066745353,-1.4131703932501112,0.15760562952342494,0.9887955292039199,0.023766537489745235,41.6045260960106,0.0,0.5102273670320832,0.0392836481478003,12.988288794167238,1.4257938387985799e-38,0.31701504905080125,0.05741674805491011,5.521299268771302,3.365020838838733e-08,0.00011027698872524444,0.0005872213825458055,0.6452216996337917,8.387980112089242e-05,0.00036321360956951653,-0.00062801887363536,0.0007957784758771448,0.5913184905177399,10.06557613450709,0.0,0.3030877490835095,15,ff5_common_sample,1963-07-31 23:59:59.999999999,2025-11-30 23:59:59.999999999,0.19654494011103257,0.07126567193175423,2.7579188518596847,0.005817063643723113,0.038568712714675886,0.044330850660315495,0.8700196847159124,0.38428964682151445
ME3 BM1,ff5_common_sample,1963-07-31 23:59:59.999999999,2025-11-30 23:59:59.999999999,749,-0.00020633044051314285,0.0005127490531234105,-0.40240043205595627,0.6873893521042909,12,0.949022147292439,0.014744001799815205,-0.00020633044051314285,0.0005127490531234105,-0.40240043205595627,0.6873893521042909,1.0656281074096434,0.014737695661992227,72.30629074244248,0.0,0.7171770054482389,0.026210695487161092,27.361998303308553,7.7740171132817665e-165,-0.3713468494394113,0.02935066866779458,-12.652074596408657,1.0895912329036444e-36,0.00011027698872524444,0.0005872213825458055,0.6513113490850171,4.9073699690281363e-05,0.00036292258298461556,-0.0006622545629595651,0.0007604019623401278,0.5537802789603052,5.888843962833763,0.0,0.8476368294349508,16,ff5_common_sample,1963-07-31 23:59:59.999999999,2025-11-30 23:59:59.999999999,-0.1411423554555746,0.032545873361381664,-4.336720477228045,1.4462435228311847e-05,-0.24776244805397651,0.0461244801532418,-5.371604129321832,7.803928254945236e-08
ME1 BM3,ff5_common_sample,1963-07-31 23:59:59.999999999,2025-11-30 23:59:59.999999999,749,0.00022045803183308384,0.0005305691409257953,0.41551235235506623,0.67776687449198,12,0.9473915807663534,0.013968289206009015,0.00022045803183308384,0.0005305691409257953,0.41551235235506623,0.67776687449198,0.9228304103978355,0.014672673328103021,62.89449712141482,0.0,1.0685273473788366,0.027052933167260637,39.49765227941954,0.0,0.11677443016744725,0.02516407317796105,4.640521800330777,3.4753050864841357e-06,0.00011027698872524444,0.0005872213825458055,0.6124102570309089,-1.61574657478423e-06,0.0003743442842956837,-0.0007353305437943243,0.0007320990506447558,0.4982780887842237,-0.1938895889741076,0.1938895889741076,0.8476368294349508,17,ff5_common_sample,1963-07-31 23:59:59.999999999,2025-11-30 23:59:59.999999999,-0.09702249496527673,0.04850639517182473,-2.000200068910355,0.04547866439050167,0.006539929146868782,0.03731400048437444,0.1752674347958867,0.8608694989341921
ME4 BM5,ff5_common_sample,1963-07-31 23:59:59.999999999,2025-11-30 23:59:59.999999999,749,-0.0010818529748815454,0.0006926458683158845,-1.5619135612719215,0.11830835329352382,12,0.8796913975178844,0.02022687766265786,-0.0010818529748815454,0.0006926458683158845,-1.5619135612719215,0.11830835329352382,1.1331791779364377,0.03175715841142689,35.68263769873995,7.349886980069007e-279,0.31831055731983315,0.03908296919464837,8.144482465866984,3.8090754983392344e-16,0.8027333474804983,0.0604304434881279,13.283591864392033,2.88229631312129e-40,0.00011027698872524444,0.0005872213825458055,0.4801273289493569,-7.436467464375308e-05,0.00045455433916334555,-0.0009652911794039104,0.0008165618301164042,0.4350233819488074,-8.92376095725037,8.92376095725037,0.29577088323380957,18,ff5_common_sample,1963-07-31 23:59:59.999999999,2025-11-30 23:59:59.999999999,0.0103463881751633,0.0813827435893765,0.12713245731019926,0.8988355626634212,-0.017206104755839745,0.0920939498720282,-0.1868320859269147,0.8517922889138319
ME4 BM3,ff5_common_sample,1963-07-31 23:59:59.999999999,2025-11-30 23:59:59.999999999,749,-0.0011754600515214294,0.0006548897412984277,-1.7948976406179225,0.072670009929444,12,0.8951565677777532,0.016169664637338058,-0.0011754600515214294,0.0006548897412984277,-1.7948976406179225,0.072670009929444,1.0480918988568786,0.01945088656430377,53.88401682318866,0.0,0.24105379337365543,0.03557379202957607,6.7761624392823565,1.2340992089678962e-11,0.35285257492080463,0.06298963640060933,5.601756020255284,2.1219108627092727e-08,0.00011027698872524444,0.0005872213825458055,0.5565316218657237,-8.507335356375923e-05,0.00041412789290181556,-0.0008967640236513176,0.0007266173165237993,0.41861897785590374,-10.208802427651108,10.208802427651108,0.2270937810295125,19,ff5_common_sample,1963-07-31 23:59:59.999999999,2025-11-30 23:59:59.999999999,0.20248058717572265,0.08435201036998137,2.400423964854074,0.016376092519743837,0.0849610708964113,0.06342287472150206,1.3395966560879844,0.1803765115524646
ME5 BM2,ff5_common_sample,1963-07-31 23:59:59.999999999,2025-11-30 23:59:59.999999999,749,-0.000873507725129169,0.0005141862780263686,-1.6988157064050893,0.08935391330010807,12,0.8979674755134716,0.014098099047040551,-0.000873507725129169,0.0005141862780263686,-1.6988157064050893,0.08935391330010807,0.9935532500834325,0.021538815714457,46.128499507823584,0.0,-0.1251542177543254,0.029611516934370436,-4.226538546867128,2.3731363442316678e-05,0.03382026298651009,0.03759073799634044,0.8996967016131098,0.36828167917663024,0.00011027698872524444,0.0005872213825458055,0.6447773553288757,-9.557246219722354e-05,0.00036005692950232454,-0.0008012840440217797,0.0006101391196273326,0.3953363849348442,-11.468695463666824,11.468695463666824,0.2482053147225224,20,ff5_common_sample,1963-07-31 23:59:59.999999999,2025-11-30 23:59:59.999999999,0.16529293204793896,0.047217715167489245,3.500655028766574,0.0004641162031375732,0.15253679604743428,0.04196050784122851,3.6352466615658656,0.000277714788861521
ME2 BM5,ff5_common_sample,1963-07-31 23:59:59.999999999,2025-11-30 23:59:59.999999999,749,-0.0002200059654615072,0.0004962960484093888,-0.44329582346387497,0.6575517763326766,12,0.9538771935043446,0.013409969412561422,-0.0002200059654615072,0.0004962960484093888,-0.44329582346387497,0.6575517763326766,1.0783804663577885,0.0167138257795927,64.52026487403458,0.0,0.8933708556095838,0.022693553206369035,39.36672443867696,0.0,0.6309971481061937,0.024183297384393832,26.09227096191581,4.4618701392330226e-150,0.00011027698872524444,0.0005872213825458055,0.6280287309395493,-0.00015273203563945443,0.0003613559725825459,-0.0008609897419012444,0.0005555256706223355,0.33627033877130663,-18.32784427673453,18.32784427673453,0.8476368294349508,21,ff5_common_sample,1963-07-31 23:59:59.999999999,2025-11-30 23:59:59.999999999,0.03309432961334433,0.030984473554524567,1.0680939779437262,0.28547812204642364,0.05185332057678593,0.035093632361923505,1.4775706328150473,0.1395227396402708
ME3 BM5,ff5_common_sample,1963-07-31 23:59:59.999999999,2025-11-30 23:59:59.999999999,749,-0.0003340169450849546,0.0006697231867123563,-0.4987388098725238,0.6179633999016393,12,0.9112523383576869,0.017636658969432475,-0.0003340169450849546,0.0006697231867123563,-0.4987388098725238,0.6179633999016393,1.0926793486953557,0.02291644903061436,47.681006216784816,0.0,0.6200840965844454,0.044829348832128704,13.832101351872367,1.6318292253167832e-43,0.7301157496891213,0.07019510644419644,10.401234312103327,2.4474213676969215e-25,0.00011027698872524444,0.0005872213825458055,0.5199444414301916,-0.0001852570980957213,0.00042086692060017074,-0.001010156262472056,0.0006396420662806133,0.32990346059475906,-22.230851771486556,22.230851771486556,0.8476368294349508,22,ff5_common_sample,1963-07-31 23:59:59.999999999,2025-11-30 23:59:59.999999999,0.1445889042834939,0.082359102315718,1.755591066658573,0.07915825868478908,0.0414161418609104,0.06894812755453139,0.600685520112989,0.5480494651450954
ME4 BM2,ff5_common_sample,1963-07-31 23:59:59.999999999,2025-11-30 23:59:59.999999999,749,-0.001416135954892837,0.0006439311639747935,-2.1992039430914563,0.027863424096398696,12,0.9065477470309992,0.015735236998961094,-0.001416135954892837,0.0006439311639747935,-2.1992039430914563,0.027863424096398696,1.0713879627250964,0.0216679551595117,49.44573471921661,0.0,0.2937463118453623,0.03702733649977549,7.9332282473826705,2.135214825259337e-15,0.07453038935400737,0.054307962845165675,1.3723657719678548,0.1699495998778492,0.00011027698872524444,0.0005872213825458055,0.6078056814282011,-0.0004837576407699253,0.0004074465269239154,-0.0012823528335407994,0.00031483755200094885,0.11755640599605166,-58.05091689239104,58.05091689239104,0.11609760040166123,23,ff5_common_sample,1963-07-31 23:59:59.999999999,2025-11-30 23:59:59.999999999,0.17252497991808913,0.07967639326842398,2.1653211552493974,0.030363099371030797,0.135050952411729,0.06001881445502846,2.250143619763123,0.024439829900440666
ME5 BM4,ff5_common_sample,1963-07-31 23:59:59.999999999,2025-11-30 23:59:59.999999999,749,-0.0022498895352352725,0.0007257509067299656,-3.1000850489772827,0.0019346508204444756,12,0.8913323733523327,0.015645114460072097,-0.0022498895352352725,0.0007257509067299656,-3.1000850489772827,0.0019346508204444756,1.019384116957902,0.026689095100031698,38.19478004545353,0.0,-0.1718964745649877,0.02659039386698734,-6.46460806202655,1.0156169845987196e-10,0.7072620396493277,0.05297993667871009,13.349620327755881,1.1905415794222792e-40,0.00011027698872524444,0.0005872213825458055,0.5250688043771973,-0.0006662655546494494,0.000415771875929169,-0.0014811784314706206,0.00014864732217172182,0.05452490245155884,-79.95186655793393,79.95186655793393,0.024183135255555946,24,ff5_common_sample,1963-07-31 23:59:59.999999999,2025-11-30 23:59:59.999999999,0.01980002521945248,0.06481233123819777,0.3054978094628873,0.7599870380774802,-0.02610199173248453,0.05651012256689588,-0.46189940044078587,0.6441534639896829
SMALL LoBM,ff5_common_sample,1963-07-31 23:59:59.999999999,2025-11-30 23:59:59.999999999,749,-0.0027672842298978066,0.0007387116325241174,-3.7460953747840984,0.00017960832897118167,12,0.9209169155019965,0.02241988462716667,-0.0027672842298978066,0.0007387116325241174,-3.7460953747840984,0.00017960832897118167,1.0567088871745232,0.024398346210791344,43.31067679936203,0.0,1.269543011554933,0.04817980403867342,26.350107412970885,5.117878995950259e-153,-0.4126346942567521,0.04797732047534354,-8.600619838050624,7.928670986238006e-18,0.00011027698872524444,0.0005872213825458055,0.4734592642381702,-0.00120032238975471,0.0004409144557233282,-0.002064514722972433,-0.0003361300565369868,0.003240996604140483,-144.0386867705652,144.0386867705652,0.004490208224279542,25,ff5_common_sample,1963-07-31 23:59:59.999999999,2025-11-30 23:59:59.999999999,-0.5137542080971914,0.05592172715972529,-9.18702325895249,4.038624697281942e-20,-0.09449807560199773,0.0773147809509003,-1.2222510940309057,0.22161268740400974
