portfolio,factor_model,sample_start,sample_end,n_obs,alpha,alpha_hac_se,alpha_hac_t_stat,alpha_p_value,hac_lags,r_squared,residual_volatility,coef_alpha,hac_se_alpha,hac_t_alpha,p_value_alpha,coef_mkt_rf,hac_se_mkt_rf,hac_t_mkt_rf,p_value_mkt_rf,coef_smb,hac_se_smb,hac_t_smb,p_value_smb,coef_hml,hac_se_hml,hac_t_hml,p_value_hml,prior_mean_alpha,prior_tau,shrinkage_weight,posterior_alpha,posterior_alpha_sd,posterior_alpha_ci_low,posterior_alpha_ci_high,posterior_probability_alpha_positive,posterior_alpha_annualized_bps,posterior_shortfall_annualized_bps,alpha_fdr_q_value,performance_rank,historical_anchor_start,historical_anchor_end
ME4 BM1,ff3,1963-07-31 23:59:59.999999999,1991-11-30 23:59:59.999999999,341,0.0011924578986849195,0.0008969680150580536,1.3294319068977518,0.18370551701156645,12,0.9459300132651379,0.013651127011923867,0.0011924578986849195,0.0008969680150580536,1.3294319068977518,0.18370551701156645,1.0598318957712953,0.02369032137751019,44.7369150837025,0.0,0.29682721239829835,0.038052449951375474,7.800475732248326,6.167422744469313e-15,-0.4501674540924663,0.043664831046690424,-10.309611724160941,6.375838757914834e-25,0.0003074969276045431,0.00037676423921318043,0.2898831235930976,0.0006942769871738513,0.0003520084525446244,4.340420186387558e-06,0.001384213554161315,0.9757140517393654,83.31323846086217,0.0,0.5102931028099068,1,1963-07-01,1991-12-31
ME1 BM4,ff3,1963-07-31 23:59:59.999999999,1991-11-30 23:59:59.999999999,341,0.0006856674961252559,0.0006172342403228105,1.1108708029007839,0.2666239646433165,12,0.9662484072201567,0.010915234148450609,0.0006856674961252559,0.0006172342403228105,1.1108708029007839,0.2666239646433165,0.9011081867150844,0.02068017371599214,43.573530817018735,0.0,1.1020433039443442,0.02821864456138912,39.05372923022118,0.0,0.3930712409864719,0.03783236086890369,10.389815278738178,2.758869020796202e-25,0.0003074969276045431,0.00037676423921318043,0.47201767783760534,0.0006383256923311259,0.00031767171955111395,1.5689122010942628e-05,0.0012609622626513091,0.9777519909256555,76.59908307973511,0.0,0.5554665930069094,2,1963-07-01,1991-12-31
ME2 BM4,ff3,1963-07-31 23:59:59.999999999,1991-11-30 23:59:59.999999999,341,0.0014774716210829725,0.0005823348757029812,2.5371511869341554,0.011175867814633093,12,0.9566078340780323,0.011150763143145498,0.0014774716210829725,0.0005823348757029812,2.5371511869341554,0.011175867814633093,0.9677873886556765,0.021746210360060008,44.50372605762864,0.0,0.6999335087321654,0.0317535516693348,22.042684107305977,1.1227980987312673e-107,0.4683425628101874,0.03404012222495682,13.758545275340339,4.525412892432224e-43,0.0003074969276045431,0.00037676423921318043,0.4347286280150304,0.0006127792660475344,0.0003045522806999762,1.5856795875581007e-05,0.0012097017362194878,0.9778935059143333,73.53351192570413,0.0,0.09555634288043702,3,1963-07-01,1991-12-31
ME5 BM3,ff3,1963-07-31 23:59:59.999999999,1991-11-30 23:59:59.999999999,341,-0.0004384231160472873,0.0008546093790767778,-0.5130099514247193,0.6079443595938283,12,0.8631581204530654,0.016199735142149903,-0.0004384231160472873,0.0008546093790767778,-0.5130099514247193,0.6079443595938283,0.9744279594524096,0.03395435630502097,28.698172060717784,4.020984192707699e-181,-0.2657241395353916,0.04536545715754133,-5.857411259245271,4.7013788402934435e-09,0.1965021170436665,0.06311530813377336,3.1133828361762697,0.0018495592971853663,0.0003074969276045431,0.00037676423921318043,0.32331791644000446,0.0005877007174568054,0.0003227827986898749,-4.49535679753494e-05,0.0012203550028889601,0.9656761376727412,70.52408609481664,0.0,0.7974394885570978,4,1963-07-01,1991-12-31
ME5 BM2,ff3,1963-07-31 23:59:59.999999999,1991-11-30 23:59:59.999999999,341,-0.0002060369184918057,0.000783161053605447,-0.2630837138073597,0.7924860564172244,12,0.923788052004878,0.01299647795613199,-0.0002060369184918057,0.000783161053605447,-0.2630837138073597,0.7924860564172244,1.0281582768462814,0.02825895590335737,36.38344885644302,7.778334931717815e-290,-0.1959946379978059,0.04321262801089421,-4.535587096169996,5.7443466169284725e-06,-0.015228493931234686,0.05595482387761206,-0.27215694511957383,0.7855013454908316,0.0003074969276045431,0.00037676423921318043,0.3383071921515566,0.0005470928239385023,0.0003261674666488924,-9.219541069332689e-05,0.0011863810585703316,0.9532617185463227,65.65113887262027,0.0,0.8255063087679421,5,1963-07-01,1991-12-31
SMALL HiBM,ff3,1963-07-31 23:59:59.999999999,1991-11-30 23:59:59.999999999,341,0.0006074024964313759,0.0006345868560637123,0.9571621136293955,0.33848543644926377,12,0.963996013903598,0.011951645445599263,0.0006074024964313759,0.0006345868560637123,0.9571621136293955,0.33848543644926377,0.9521453585292436,0.024144878843799025,39.434671206634654,0.0,1.1904801452243199,0.030602836185375595,38.90097434149661,0.0,0.6134486133832291,0.0435036024294622,14.101099199264926,3.739000533107193e-45,0.0003074969276045431,0.00037676423921318043,0.406642475939822,0.0005346229378257688,0.00030723782081935224,-6.756319098016157e-05,0.0011368090666316992,0.9590788143893033,64.15475253909226,0.0,0.6509335316331997,6,1963-07-01,1991-12-31
ME4 BM5,ff3,1963-07-31 23:59:59.999999999,1991-11-30 23:59:59.999999999,341,0.00034478589441095726,0.00080868261565122,0.42635502202963316,0.6698491703879621,12,0.8990287312001669,0.017920539375264114,0.00034478589441095726,0.00080868261565122,0.42635502202963316,0.6698491703879621,1.1457218052837603,0.030763473379177453,37.24292738866259,1.3791810221302915e-303,0.3577296720434535,0.05176585276057855,6.910533739258262,4.828335827166564e-12,0.7475401661520417,0.04571506114474704,16.352163760322103,4.1980440024893866e-60,0.0003074969276045431,0.00037676423921318043,0.26840233406968916,0.0004873798686761015,0.0003727002840290505,-0.00024311268802083749,0.0012178724253730404,0.9045123250622666,58.48558424113218,0.0,0.7974394885570978,7,1963-07-01,1991-12-31
ME4 BM4,ff3,1963-07-31 23:59:59.999999999,1991-11-30 23:59:59.999999999,341,0.0009624385321967407,0.0008462033408178168,1.1373608277965293,0.2553874758041732,12,0.9090360781261415,0.014872123361039769,0.0009624385321967407,0.0008462033408178168,1.1373608277965293,0.2553874758041732,1.0308331227442489,0.03021041911263761,34.121774971106944,3.5073156636379228e-255,0.2386764771538301,0.0353592371553653,6.750045995198008,1.477982942991491e-11,0.5579811790783771,0.050468852118045957,11.055951456420422,2.0514994885880166e-28,0.0003074969276045431,0.00037676423921318043,0.3453253312914943,0.0004590612542894431,0.00034055436908555055,-0.00020842530911823593,0.0011265478176971221,0.9111679587024026,55.087350514733174,0.0,0.5554665930069094,8,1963-07-01,1991-12-31
ME2 BM3,ff3,1963-07-31 23:59:59.999999999,1991-11-30 23:59:59.999999999,341,0.0014349880431512932,0.0007420205184039289,1.9338926721836796,0.05312632528074497,12,0.9577946093317183,0.011816441884290908,0.0014349880431512932,0.0007420205184039289,1.9338926721836796,0.05312632528074497,0.9696302145009388,0.022473139900490668,43.14618334573569,0.0,0.844662693641937,0.03179466547759824,26.56617646243412,1.6702634613766045e-155,0.23481392416518784,0.04140223193901632,5.671528156043822,1.4152933486368058e-08,0.0003074969276045431,0.00037676423921318043,0.3862871734238658,0.00044793204783928294,0.00031400754477075936,-0.0001675227399114054,0.0010633868355899713,0.9231380975488572,53.751845740713954,0.0,0.26563162640372484,9,1963-07-01,1991-12-31
ME3 BM4,ff3,1963-07-31 23:59:59.999999999,1991-11-30 23:59:59.999999999,341,0.0011307567893287921,0.0006884419213346603,1.6424868304600484,0.10048915321453188,12,0.9412127499143809,0.01192322371026948,0.0011307567893287921,0.0006884419213346603,1.6424868304600484,0.10048915321453188,0.9702028750888404,0.01676829261999386,57.8593716769952,0.0,0.4451672778575806,0.029692749623185487,14.992457199382208,8.225295662966562e-51,0.5114151010815676,0.03462357738384001,14.770718098016708,2.262890096618091e-49,0.0003074969276045431,0.00037676423921318043,0.3834458740448633,0.0003888865375824426,0.0003249490696182093,-0.0002480136388692476,0.001025786714034133,0.8843002367583273,46.666384509893106,0.0,0.35888983290904236,10,1963-07-01,1991-12-31
ME2 BM5,ff3,1963-07-31 23:59:59.999999999,1991-11-30 23:59:59.999999999,341,0.0005874839062246175,0.0007882756233864375,0.7452772720546432,0.4561041179003621,12,0.9598057547285408,0.012094976167842034,0.0005874839062246175,0.0007882756233864375,0.7452772720546432,0.4561041179003621,1.0688567134105948,0.02361999256847213,45.25220362843384,0.0,0.8541994247525365,0.02587654330047014,33.010569257023484,5.728542618397645e-239,0.6880278519814266,0.0326855885393574,21.0498841455144,2.292395153226461e-98,0.0003074969276045431,0.00037676423921318043,0.3393853723051602,0.00031197611594572426,0.00031764129788073556,-0.00031060082790051747,0.0009345530597919659,0.8369906780531536,37.43713391348691,0.0,0.7263812914367135,11,1963-07-01,1991-12-31
BIG LoBM,ff3,1963-07-31 23:59:59.999999999,1991-11-30 23:59:59.999999999,341,0.0018786812010653145,0.0007431071513951288,2.5281430780718894,0.011466761145652442,12,0.9382164224772503,0.012084156146302582,0.0018786812010653145,0.0007431071513951288,2.5281430780718894,0.011466761145652442,0.9582495144387443,0.026573003617494585,36.06101621902734,9.267696456756763e-285,-0.19537561780237497,0.029405115063711074,-6.644273194614651,3.0471692703727144e-11,-0.4398508868771615,0.042411948977371036,-10.37091898586987,3.3627508575584423e-25,0.0003074969276045431,0.00037676423921318043,0.5506499610411417,0.00028063207089173384,0.0002657436292317751,-0.00024022544240254542,0.0008014895841860131,0.854521736442311,33.67584850700806,0.0,0.09555634288043702,12,1963-07-01,1991-12-31
ME3 BM2,ff3,1963-07-31 23:59:59.999999999,1991-11-30 23:59:59.999999999,341,0.00047882398757768247,0.0006956405528782724,0.6883209807083661,0.49125067235155784,12,0.9475496433262476,0.013090359912649547,0.00047882398757768247,0.0006956405528782724,0.6883209807083661,0.49125067235155784,1.0161483483408078,0.017015962194561758,59.71736048318004,0.0,0.6418030278423712,0.03422640457565724,18.751692904922862,1.8752546713953745e-78,0.036845373083911406,0.05777643967773985,0.6377231495991128,0.5236539134105298,0.0003074969276045431,0.00037676423921318043,0.46679802552074645,0.00027724017411597126,0.0003080557079234994,-0.0003265490134140876,0.0008810293616460301,0.8159312689046787,33.268820893916555,0.0,0.7263812914367135,13,1963-07-01,1991-12-31
ME3 BM5,ff3,1963-07-31 23:59:59.999999999,1991-11-30 23:59:59.999999999,341,0.00039021885013877736,0.0008384434373215162,0.46540867608835607,0.6416388222124509,12,0.9297910775791582,0.015063067798239472,0.00039021885013877736,0.0008384434373215162,0.46540867608835607,0.6416388222124509,1.056913003855426,0.0156525618400633,67.52332395520195,0.0,0.6566478458290609,0.0317031782873724,20.712366434585782,2.6796396503713386e-95,0.7053605975956866,0.02690166282237677,26.219962767839334,1.5735961405134004e-151,0.0003074969276045431,0.00037676423921318043,0.24491710553634743,0.0002701648393943596,0.000347608677046423,-0.0004111481676166294,0.0009514778464053486,0.7814824730808252,32.41978072732315,0.0,0.7974394885570978,14,1963-07-01,1991-12-31
ME2 BM1,ff3,1963-07-31 23:59:59.999999999,1991-11-30 23:59:59.999999999,341,-0.0013696682528002244,0.0007907837986869662,-1.7320388392812929,0.08326664742512503,12,0.9568927433676084,0.015122436474917393,-0.0013696682528002244,0.0007907837986869662,-1.7320388392812929,0.08326664742512503,1.1039579946533218,0.025149323599754976,43.89613065633612,0.0,1.0000633616139367,0.03905620043564362,25.60575146734589,1.31636153859896e-144,-0.47143625130400624,0.03657779556969958,-12.888591123696255,5.218850739028292e-38,0.0003074969276045431,0.00037676423921318043,0.39357202079576914,0.00025078112142315565,0.00032760134551379716,-0.0003913175157838868,0.0008928797586301981,0.7780151485047624,30.09373457077868,0.0,0.34694436427135433,15,1963-07-01,1991-12-31
ME3 BM3,ff3,1963-07-31 23:59:59.999999999,1991-11-30 23:59:59.999999999,341,0.00020838112360092848,0.0006058430473053333,0.3439523231763827,0.7308821414941089,12,0.9359775563120176,0.013142238398958282,0.00020838112360092848,0.0006058430473053333,0.3439523231763827,0.7308821414941089,0.9743645227366758,0.025857435951369807,37.68217871907978,0.0,0.5411936221238384,0.036008541194511176,15.029590318597332,4.699028889491004e-51,0.3119368530737096,0.03468148348681872,8.994334201196049,2.376683498101067e-19,0.0003074969276045431,0.00037676423921318043,0.3878758922480836,0.0002471440645412783,0.00030961716543711186,-0.00035970557971546095,0.0008539937087980175,0.7876299427194182,29.657287744953393,0.0,0.8162335232888871,16,1963-07-01,1991-12-31
ME4 BM3,ff3,1963-07-31 23:59:59.999999999,1991-11-30 23:59:59.999999999,341,2.835058809635011e-05,0.0007923968228803014,0.035778270782684245,0.971459159375517,12,0.9156548960104623,0.014732935704707243,2.835058809635011e-05,0.0007923968228803014,0.035778270782684245,0.971459159375517,1.0490030327242577,0.022941115049499288,45.72589564460395,0.0,0.23218186986286127,0.043760375576999855,5.305755876210862,1.1220704543113843e-07,0.31712376354898236,0.06184034987506564,5.128104290963082,2.926743052282794e-07,0.0003074969276045431,0.00037676423921318043,0.3220129441486647,0.0002416460183322553,0.00034831883314053467,-0.0004410588946231926,0.0009243509312877032,0.7560803431040392,28.997522199870634,0.0,0.971459159375517,17,1963-07-01,1991-12-31
ME5 BM4,ff3,1963-07-31 23:59:59.999999999,1991-11-30 23:59:59.999999999,341,-0.0005627804585241664,0.000623890759481191,-0.9020496777226799,0.3670304789042914,12,0.9032134176308668,0.013418557616837596,-0.0005627804585241664,0.000623890759481191,-0.9020496777226799,0.3670304789042914,1.0024678360214014,0.018512483562765567,54.150910255914006,0.0,-0.20623936839660706,0.03144706204380531,-6.558303224298618,5.442345972484804e-11,0.5575306747613361,0.040824457028110404,13.656781139243039,1.8393627020391276e-42,0.0003074969276045431,0.00037676423921318043,0.49551336330079987,0.00022734951934587518,0.0002797498946492344,-0.0003209602741666242,0.0007756593128583746,0.7918016588743058,27.28194232150502,0.0,0.6554115694719489,18,1963-07-01,1991-12-31
ME1 BM2,ff3,1963-07-31 23:59:59.999999999,1991-11-30 23:59:59.999999999,341,-0.0007995858920777552,0.0006776308478992567,-1.1799726865395443,0.23801107836535795,12,0.9574514957916762,0.014048829960491595,-0.0007995858920777552,0.0006776308478992567,-1.1799726865395443,0.23801107836535795,0.9727521841884728,0.018947828435848635,51.33845218632333,0.0,1.2725515520793886,0.03833607103385201,33.194626307836394,1.2870010037798121e-241,0.07860978620983891,0.04812708515715067,1.6333793320985939,0.10238924110634429,0.0003074969276045431,0.00037676423921318043,0.41016715778312546,0.00021355006684918354,0.00030605917233122776,-0.0003863259109200228,0.0008134260446183898,0.7573304433661685,25.626008021902024,0.0,0.5554665930069094,19,1963-07-01,1991-12-31
ME2 BM2,ff3,1963-07-31 23:59:59.999999999,1991-11-30 23:59:59.999999999,341,-0.0002228696601009566,0.0007021574879508296,-0.31740694064429553,0.7509348414257762,12,0.9613477601688049,0.012395356552478674,-0.0002228696601009566,0.0007021574879508296,-0.31740694064429553,0.7509348414257762,1.026427771307703,0.016518454102520657,62.138246408365404,0.0,0.9333665524037997,0.039919216601416396,23.381384502687922,6.6105918864461315e-121,0.02936820233358019,0.04033710818780411,0.7280691069088499,0.4665712837918984,0.0003074969276045431,0.00037676423921318043,0.3924691827754558,0.00017741723779244535,0.0003220020107752591,-0.0004537067033270624,0.0008085411789119531,0.7091769142089492,21.29006853509344,0.0,0.8162335232888871,20,1963-07-01,1991-12-31
ME4 BM2,ff3,1963-07-31 23:59:59.999999999,1991-11-30 23:59:59.999999999,341,-0.0014651140731253723,0.0009395329967511114,-1.5594067246086205,0.11890014571037012,12,0.923642146434724,0.014948860771229509,-0.0014651140731253723,0.0009395329967511114,-1.5594067246086205,0.11890014571037012,1.068098618881449,0.0254573155949967,41.95645117788341,0.0,0.27439390670229935,0.04701901779502157,5.835806862204436,5.353087635456886e-09,0.024975506886930083,0.056381982507341555,0.4429696469732684,0.6577876895349462,0.0003074969276045431,0.00037676423921318043,0.29285145119819506,8.753054322339687e-05,0.00035985324730571577,-0.000617781821495806,0.0007928429079425998,0.5960900862656484,10.503665186807625,0.0,0.37156295534490663,21,1963-07-01,1991-12-31
BIG HiBM,ff3,1963-07-31 23:59:59.999999999,1991-11-30 23:59:59.999999999,341,-0.001894665949401585,0.0009231126839530822,-2.0524752636785157,0.04012349663694479,12,0.8364472922753394,0.019224492558194993,-0.001894665949401585,0.0009231126839530822,-2.0524752636785157,0.04012349663694479,1.027431352014041,0.040227463883900215,25.540545011221507,6.993267869974211e-144,-0.04450947849066021,0.05267466421927275,-0.8449883668052879,0.39811733424487217,0.7723819034843321,0.04609598935272256,16.755945893126015,5.123943603783788e-63,0.0003074969276045431,0.00037676423921318043,0.2669720801766835,-2.4019661015063122e-05,0.0003589646447478457,-0.0007275903647208406,0.0006795510426907144,0.47332519384280397,-2.8823593218075745,2.8823593218075745,0.25077185398090496,22,1963-07-01,1991-12-31
SMALL LoBM,ff3,1963-07-31 23:59:59.999999999,1991-11-30 23:59:59.999999999,341,-0.0036031165426982045,0.001290898629418775,-2.7911692371387065,0.005251800439140365,12,0.9386939752134411,0.019276020458755618,-0.0036031165426982045,0.001290898629418775,-2.7911692371387065,0.005251800439140365,1.0390121117123077,0.021912723074979476,47.415928552425285,0.0,1.4144814871630065,0.060392966080453137,23.421295209754888,2.593504002347322e-121,-0.29023728806608107,0.06528569153849365,-4.445649287408586,8.762680390110479e-06,0.0003074969276045431,0.00037676423921318043,0.1934899809975299,-7.294500199821457e-05,0.0003753937820031194,-0.0008087168147243286,0.0006628268107278995,0.4229642459463188,-8.753400239785748,8.753400239785748,0.09555634288043702,23,1963-07-01,1991-12-31
ME1 BM3,ff3,1963-07-31 23:59:59.999999999,1991-11-30 23:59:59.999999999,341,-0.00048388009758336766,0.0007073682677775786,-0.6840568337955422,0.49393927817696515,12,0.9634280093031278,0.012047370620070719,-0.00048388009758336766,0.0007073682677775786,-0.6840568337955422,0.49393927817696515,0.9465127662973853,0.018385812041996963,51.4806071189761,0.0,1.154632955524386,0.04194252038616478,27.528935907849135,7.910651883480705e-167,0.27472023185538946,0.03173165075728197,8.657609210335362,4.817618909476927e-18,0.0003074969276045431,0.00037676423921318043,0.3698397122033287,-7.543374404479634e-05,0.0003199232562428394,-0.0007024833262807616,0.0005516158381911689,0.4067989790794162,-9.05204928537556,9.05204928537556,0.7263812914367135,24,1963-07-01,1991-12-31
ME3 BM1,ff3,1963-07-31 23:59:59.999999999,1991-11-30 23:59:59.999999999,341,-0.00037688443806405396,0.0006328584341818013,-0.5955272422833608,0.5514910947567109,12,0.9585615305442016,0.013499130862540152,-0.00037688443806405396,0.0006328584341818013,-0.5955272422833608,0.5514910947567109,1.098643642082246,0.021762619152658074,50.48306154583688,0.0,0.6992012427916539,0.03173381199986722,22.0333202577295,1.380723411687847e-107,-0.429267881382747,0.04117190353244822,-10.42623353677185,1.8820120625597638e-25,0.0003074969276045431,0.00037676423921318043,0.40719975841601036,-0.00012366830784458723,0.00031085131847377866,-0.0007329368920531934,0.0004856002763640189,0.34537499071403743,-14.840196941350468,14.840196941350468,0.7659598538287651,25,1963-07-01,1991-12-31
