date_t,date_t_plus_h,horizon_months,window_length_months,window_overlap_fraction,structural_inference_eligible,n_portfolios,spearman_rank_autocorrelation,pearson_score_autocorrelation,average_absolute_rank_change,top_quintile_stay_probability,bottom_quintile_stay_probability
1936-06-30 23:59:59.999999999,1937-06-30 23:59:59.999999999,12,120,0.9,False,25,0.8038461538461538,0.8351724297653955,3.2,0.6,0.6
1937-06-30 23:59:59.999999999,1938-06-30 23:59:59.999999999,12,120,0.9,False,25,0.7923076923076923,0.8430561721493881,3.28,0.6,0.6
1938-06-30 23:59:59.999999999,1939-06-30 23:59:59.999999999,12,120,0.9,False,25,0.8069230769230769,0.9001295741474133,3.36,0.8,0.8
1939-06-30 23:59:59.999999999,1940-06-30 23:59:59.999999999,12,120,0.9,False,25,0.8692307692307691,0.9149023913261105,2.32,0.8,0.8
1940-06-30 23:59:59.999999999,1941-06-30 23:59:59.999999999,12,120,0.9,False,25,0.9123076923076923,0.9760026527347316,1.92,1.0,0.8
1941-06-30 23:59:59.999999999,1942-06-30 23:59:59.999999999,12,120,0.9,False,25,0.8623076923076922,0.9282686516827241,2.96,0.8,0.6
1942-06-30 23:59:59.999999999,1943-06-30 23:59:59.999999999,12,120,0.9,False,25,0.6230769230769231,0.7632576209409704,4.4,0.8,0.4
1943-06-30 23:59:59.999999999,1944-06-30 23:59:59.999999999,12,120,0.9,False,25,0.6869230769230769,0.8231819025588473,4.56,0.6,0.4
1944-06-30 23:59:59.999999999,1945-06-30 23:59:59.999999999,12,120,0.9,False,25,0.9284615384615384,0.9472186324650832,2.24,0.8,0.8
1945-06-30 23:59:59.999999999,1946-06-30 23:59:59.999999999,12,120,0.9,False,25,0.9084615384615384,0.9321522468162846,2.4,0.8,0.6
1946-06-30 23:59:59.999999999,1947-06-30 23:59:59.999999999,12,120,0.9,False,25,0.7484615384615385,0.8163224618194547,3.92,0.8,0.8
1947-06-30 23:59:59.999999999,1948-06-30 23:59:59.999999999,12,120,0.9,False,25,0.8453846153846154,0.82554035552471,2.88,0.6,0.8
1948-06-30 23:59:59.999999999,1949-06-30 23:59:59.999999999,12,120,0.9,False,25,0.7007692307692307,0.7327587550831107,4.08,0.6,0.6
1949-06-30 23:59:59.999999999,1950-06-30 23:59:59.999999999,12,120,0.9,False,25,0.6823076923076923,0.7470475613944899,4.64,0.6,0.2
1950-06-30 23:59:59.999999999,1951-06-30 23:59:59.999999999,12,120,0.9,False,25,0.936923076923077,0.9642364475395945,1.76,0.6,0.8
1951-06-30 23:59:59.999999999,1952-06-30 23:59:59.999999999,12,120,0.9,False,25,0.8915384615384616,0.8886506442011046,2.64,0.8,0.6
1952-06-30 23:59:59.999999999,1953-06-30 23:59:59.999999999,12,120,0.9,False,25,0.7853846153846153,0.8000584516455442,3.44,1.0,0.6
1953-06-30 23:59:59.999999999,1954-06-30 23:59:59.999999999,12,120,0.9,False,25,0.8492307692307692,0.8388204392726905,3.36,0.8,0.4
1954-06-30 23:59:59.999999999,1955-06-30 23:59:59.999999999,12,120,0.9,False,25,0.9561538461538461,0.9435413921042518,1.52,0.8,0.8
1955-06-30 23:59:59.999999999,1956-06-30 23:59:59.999999999,12,120,0.9,False,25,0.7769230769230768,0.8241584044428159,4.0,0.6,0.8
1956-06-30 23:59:59.999999999,1957-06-30 23:59:59.999999999,12,120,0.9,False,25,0.8376923076923077,0.8547405338928791,3.28,0.6,0.6
1957-06-30 23:59:59.999999999,1958-06-30 23:59:59.999999999,12,120,0.9,False,25,0.9353846153846154,0.9484297092795995,2.16,0.8,0.8
1958-06-30 23:59:59.999999999,1959-06-30 23:59:59.999999999,12,120,0.9,False,25,0.9138461538461539,0.9290213697349298,2.32,1.0,0.8
1959-06-30 23:59:59.999999999,1960-06-30 23:59:59.999999999,12,120,0.9,False,25,0.91,0.9359122324000377,2.48,0.8,0.8
1960-06-30 23:59:59.999999999,1961-06-30 23:59:59.999999999,12,120,0.9,False,25,0.9484615384615385,0.931453132973689,1.84,1.0,0.6
1961-06-30 23:59:59.999999999,1962-06-30 23:59:59.999999999,12,120,0.9,False,25,0.883076923076923,0.8568439715215534,2.64,0.6,0.6
1962-06-30 23:59:59.999999999,1963-06-30 23:59:59.999999999,12,120,0.9,False,25,0.9023076923076924,0.908001938441797,2.4,0.8,0.8
1963-06-30 23:59:59.999999999,1964-06-30 23:59:59.999999999,12,120,0.9,False,25,0.9576923076923078,0.966760310510819,1.28,1.0,1.0
1964-06-30 23:59:59.999999999,1965-06-30 23:59:59.999999999,12,120,0.9,False,25,0.9723076923076923,0.979121893172235,1.28,1.0,1.0
1965-06-30 23:59:59.999999999,1966-06-30 23:59:59.999999999,12,120,0.9,False,25,0.8707692307692307,0.8981122308341042,2.56,1.0,0.6
1966-06-30 23:59:59.999999999,1967-06-30 23:59:59.999999999,12,120,0.9,False,25,0.8815384615384615,0.8842701187255396,2.72,1.0,0.8
1967-06-30 23:59:59.999999999,1968-06-30 23:59:59.999999999,12,120,0.9,False,25,0.9115384615384616,0.9455888976934206,2.16,0.4,0.8
1968-06-30 23:59:59.999999999,1969-06-30 23:59:59.999999999,12,120,0.9,False,25,0.9115384615384616,0.9076688888863967,2.32,0.8,0.8
1969-06-30 23:59:59.999999999,1970-06-30 23:59:59.999999999,12,120,0.9,False,25,0.9292307692307692,0.9576955769895776,2.0,1.0,0.8
1970-06-30 23:59:59.999999999,1971-06-30 23:59:59.999999999,12,120,0.9,False,25,0.8130769230769231,0.8541271893952254,3.52,0.6,0.6
1971-06-30 23:59:59.999999999,1972-06-30 23:59:59.999999999,12,120,0.9,False,25,0.7238461538461537,0.7385294613568432,3.84,0.6,0.8
1972-06-30 23:59:59.999999999,1973-06-30 23:59:59.999999999,12,120,0.9,False,25,0.9284615384615384,0.9132832622019725,1.92,0.6,0.6
1973-06-30 23:59:59.999999999,1974-06-30 23:59:59.999999999,12,120,0.9,False,25,0.9123076923076923,0.9012834605811126,2.32,0.8,0.8
1974-06-30 23:59:59.999999999,1975-06-30 23:59:59.999999999,12,120,0.9,False,25,0.8615384615384615,0.8522434297773218,2.48,0.6,0.8
1975-06-30 23:59:59.999999999,1976-06-30 23:59:59.999999999,12,120,0.9,False,25,0.7253846153846153,0.7851286690999806,3.84,0.8,0.4
1976-06-30 23:59:59.999999999,1977-06-30 23:59:59.999999999,12,120,0.9,False,25,0.8538461538461539,0.8933684025152668,3.2,0.6,0.8
1977-06-30 23:59:59.999999999,1978-06-30 23:59:59.999999999,12,120,0.9,False,25,0.8453846153846154,0.8929403082623542,2.96,0.6,0.6
1978-06-30 23:59:59.999999999,1979-06-30 23:59:59.999999999,12,120,0.9,False,25,0.9184615384615386,0.9354079807869129,2.08,0.8,0.8
1979-06-30 23:59:59.999999999,1980-06-30 23:59:59.999999999,12,120,0.9,False,25,0.8315384615384616,0.8370224706936134,3.36,0.6,0.6
1980-06-30 23:59:59.999999999,1981-06-30 23:59:59.999999999,12,120,0.9,False,25,0.6469230769230768,0.6784963010577192,4.64,0.4,0.6
1981-06-30 23:59:59.999999999,1982-06-30 23:59:59.999999999,12,120,0.9,False,25,0.7346153846153847,0.650814984267593,4.32,0.4,0.6
1982-06-30 23:59:59.999999999,1983-06-30 23:59:59.999999999,12,120,0.9,False,25,0.8346153846153845,0.7859918933237718,3.36,0.6,0.6
1983-06-30 23:59:59.999999999,1984-06-30 23:59:59.999999999,12,120,0.9,False,25,0.7969230769230768,0.7964808232141157,3.36,0.6,0.8
1984-06-30 23:59:59.999999999,1985-06-30 23:59:59.999999999,12,120,0.9,False,25,0.85,0.8610398329723292,3.28,0.6,0.8
1985-06-30 23:59:59.999999999,1986-06-30 23:59:59.999999999,12,120,0.9,False,25,0.7069230769230769,0.8672589321804018,4.24,0.6,0.8
1986-06-30 23:59:59.999999999,1987-06-30 23:59:59.999999999,12,120,0.9,False,25,0.9184615384615386,0.9353858233106653,1.84,1.0,0.8
1987-06-30 23:59:59.999999999,1988-06-30 23:59:59.999999999,12,120,0.9,False,25,0.8907692307692309,0.9253727070683555,2.32,0.8,0.8
1988-06-30 23:59:59.999999999,1989-06-30 23:59:59.999999999,12,120,0.9,False,25,0.9038461538461539,0.8601706877291727,2.64,0.8,0.6
1989-06-30 23:59:59.999999999,1990-06-30 23:59:59.999999999,12,120,0.9,False,25,0.5161538461538462,0.7807168744710467,5.44,0.4,0.8
1990-06-30 23:59:59.999999999,1991-06-30 23:59:59.999999999,12,120,0.9,False,25,0.7415384615384616,0.8595073589175863,4.16,0.8,0.6
1991-06-30 23:59:59.999999999,1992-06-30 23:59:59.999999999,12,120,0.9,False,25,0.9261538461538461,0.9442655251881606,2.0,1.0,1.0
1992-06-30 23:59:59.999999999,1993-06-30 23:59:59.999999999,12,120,0.9,False,25,0.976923076923077,0.9811512131633572,1.12,1.0,0.8
1993-06-30 23:59:59.999999999,1994-06-30 23:59:59.999999999,12,120,0.9,False,25,0.9869230769230769,0.9812927703824463,0.88,1.0,1.0
1994-06-30 23:59:59.999999999,1995-06-30 23:59:59.999999999,12,120,0.9,False,25,0.9646153846153847,0.9785676141423898,1.52,1.0,0.8
1995-06-30 23:59:59.999999999,1996-06-30 23:59:59.999999999,12,120,0.9,False,25,0.8930769230769231,0.9261628533966264,2.64,0.8,0.6
1996-06-30 23:59:59.999999999,1997-06-30 23:59:59.999999999,12,120,0.9,False,25,0.9653846153846154,0.9874816849371653,1.36,1.0,1.0
1997-06-30 23:59:59.999999999,1998-06-30 23:59:59.999999999,12,120,0.9,False,25,0.9207692307692308,0.9358783133905295,2.08,0.6,0.8
1998-06-30 23:59:59.999999999,1999-06-30 23:59:59.999999999,12,120,0.9,False,25,0.9561538461538461,0.975140455764147,1.44,0.6,0.8
1999-06-30 23:59:59.999999999,2000-06-30 23:59:59.999999999,12,120,0.9,False,25,0.9123076923076923,0.9036510044705481,2.32,1.0,0.8
2000-06-30 23:59:59.999999999,2001-06-30 23:59:59.999999999,12,120,0.9,False,25,0.8330769230769232,0.9119937393950561,3.12,0.8,0.6
2001-06-30 23:59:59.999999999,2002-06-30 23:59:59.999999999,12,120,0.9,False,25,0.7446153846153846,0.9154117401356119,3.68,0.8,0.6
2002-06-30 23:59:59.999999999,2003-06-30 23:59:59.999999999,12,120,0.9,False,25,0.8876923076923076,0.9542625827600145,2.4,1.0,0.8
2003-06-30 23:59:59.999999999,2004-06-30 23:59:59.999999999,12,120,0.9,False,25,0.9607692307692307,0.9767853336017431,1.36,1.0,0.8
2004-06-30 23:59:59.999999999,2005-06-30 23:59:59.999999999,12,120,0.9,False,25,0.9284615384615384,0.960519992882603,2.0,0.8,0.8
2005-06-30 23:59:59.999999999,2006-06-30 23:59:59.999999999,12,120,0.9,False,25,0.9415384615384615,0.9707696789103188,1.68,1.0,0.8
2006-06-30 23:59:59.999999999,2007-06-30 23:59:59.999999999,12,120,0.9,False,25,0.9576923076923078,0.965334521785527,1.52,0.8,0.6
2007-06-30 23:59:59.999999999,2008-06-30 23:59:59.999999999,12,120,0.9,False,25,0.8192307692307693,0.8314816545626573,3.44,0.8,0.8
2008-06-30 23:59:59.999999999,2009-06-30 23:59:59.999999999,12,120,0.9,False,25,0.9323076923076923,0.9329050770423561,2.0,1.0,0.8
2009-06-30 23:59:59.999999999,2010-06-30 23:59:59.999999999,12,120,0.9,False,25,0.9076923076923077,0.9299719459414267,2.08,0.6,0.8
2010-06-30 23:59:59.999999999,2011-06-30 23:59:59.999999999,12,120,0.9,False,25,0.9561538461538461,0.9809949689673705,1.44,0.8,1.0
2011-06-30 23:59:59.999999999,2012-06-30 23:59:59.999999999,12,120,0.9,False,25,0.9046153846153847,0.926635867109505,2.4,1.0,0.8
2012-06-30 23:59:59.999999999,2013-06-30 23:59:59.999999999,12,120,0.9,False,25,0.8930769230769231,0.9138588295081831,2.32,0.8,0.8
2013-06-30 23:59:59.999999999,2014-06-30 23:59:59.999999999,12,120,0.9,False,25,0.9630769230769232,0.9642507008496632,1.36,1.0,1.0
2014-06-30 23:59:59.999999999,2015-06-30 23:59:59.999999999,12,120,0.9,False,25,0.936923076923077,0.9611017656356373,1.92,0.8,1.0
2015-06-30 23:59:59.999999999,2016-06-30 23:59:59.999999999,12,120,0.9,False,25,0.8438461538461538,0.9367624249115576,2.96,0.6,1.0
2016-06-30 23:59:59.999999999,2017-06-30 23:59:59.999999999,12,120,0.9,False,25,0.7584615384615384,0.8114730533199424,4.0,0.4,0.8
2017-06-30 23:59:59.999999999,2018-06-30 23:59:59.999999999,12,120,0.9,False,25,0.9253846153846155,0.9350717412896029,1.92,0.8,0.8
2018-06-30 23:59:59.999999999,2019-06-30 23:59:59.999999999,12,120,0.9,False,25,0.8369230769230769,0.8195881880462137,2.96,0.8,0.6
2019-06-30 23:59:59.999999999,2020-06-30 23:59:59.999999999,12,120,0.9,False,25,0.9753846153846154,0.9777770234000002,1.12,0.8,0.8
2020-06-30 23:59:59.999999999,2021-06-30 23:59:59.999999999,12,120,0.9,False,25,0.9923076923076923,0.991206407686211,0.64,1.0,0.8
2021-06-30 23:59:59.999999999,2022-06-30 23:59:59.999999999,12,120,0.9,False,25,0.8846153846153847,0.8897646526571639,2.72,1.0,0.6
2022-06-30 23:59:59.999999999,2023-06-30 23:59:59.999999999,12,120,0.9,False,25,0.8530769230769231,0.8875159042274597,3.04,0.8,1.0
2023-06-30 23:59:59.999999999,2024-06-30 23:59:59.999999999,12,120,0.9,False,25,0.8400000000000001,0.9221409865584964,2.88,0.8,1.0
2024-06-30 23:59:59.999999999,2025-06-30 23:59:59.999999999,12,120,0.9,False,25,0.7438461538461538,0.7139534922528846,3.6,0.8,0.6
1936-06-30 23:59:59.999999999,1941-06-30 23:59:59.999999999,60,120,0.5,False,25,0.37538461538461537,0.38255119501362733,6.4,0.4,0.4
1937-06-30 23:59:59.999999999,1942-06-30 23:59:59.999999999,60,120,0.5,False,25,0.44230769230769235,0.5046188380731382,6.4,0.6,0.2
1938-06-30 23:59:59.999999999,1943-06-30 23:59:59.999999999,60,120,0.5,False,25,0.21307692307692308,0.3697223459525232,6.96,0.2,0.2
1939-06-30 23:59:59.999999999,1944-06-30 23:59:59.999999999,60,120,0.5,False,25,0.01923076923076923,0.25328675237817055,7.92,0.2,0.2
1940-06-30 23:59:59.999999999,1945-06-30 23:59:59.999999999,60,120,0.5,False,25,0.2592307692307692,0.43838813810099314,6.24,0.6,0.2
1941-06-30 23:59:59.999999999,1946-06-30 23:59:59.999999999,60,120,0.5,False,25,0.2353846153846154,0.5108498259344127,6.64,0.6,0.2
1942-06-30 23:59:59.999999999,1947-06-30 23:59:59.999999999,60,120,0.5,False,25,0.1523076923076923,0.31847806347913804,6.8,0.4,0.4
1943-06-30 23:59:59.999999999,1948-06-30 23:59:59.999999999,60,120,0.5,False,25,0.2538461538461539,0.34911842074625304,7.52,0.2,0.4
1944-06-30 23:59:59.999999999,1949-06-30 23:59:59.999999999,60,120,0.5,False,25,0.3923076923076923,0.3645934155221836,6.48,0.4,0.0
1945-06-30 23:59:59.999999999,1950-06-30 23:59:59.999999999,60,120,0.5,False,25,0.3546153846153846,0.2571795750143986,6.08,0.4,0.6
1946-06-30 23:59:59.999999999,1951-06-30 23:59:59.999999999,60,120,0.5,False,25,0.37615384615384617,0.3749686379202571,6.64,0.4,0.4
1947-06-30 23:59:59.999999999,1952-06-30 23:59:59.999999999,60,120,0.5,False,25,0.4476923076923077,0.38774158520934654,5.92,0.4,0.4
1948-06-30 23:59:59.999999999,1953-06-30 23:59:59.999999999,60,120,0.5,False,25,0.3192307692307692,0.33417800751484805,6.96,0.4,0.0
1949-06-30 23:59:59.999999999,1954-06-30 23:59:59.999999999,60,120,0.5,False,25,0.5707692307692307,0.5297665930693037,5.28,0.4,0.4
1950-06-30 23:59:59.999999999,1955-06-30 23:59:59.999999999,60,120,0.5,False,25,0.5815384615384616,0.5940776716421183,5.2,0.8,0.4
1951-06-30 23:59:59.999999999,1956-06-30 23:59:59.999999999,60,120,0.5,False,25,0.42153846153846153,0.43526240460841215,6.16,0.6,0.4
1952-06-30 23:59:59.999999999,1957-06-30 23:59:59.999999999,60,120,0.5,False,25,0.3646153846153847,0.4105909738476484,6.24,0.6,0.0
1953-06-30 23:59:59.999999999,1958-06-30 23:59:59.999999999,60,120,0.5,False,25,0.4876923076923077,0.5713591777573824,5.04,0.6,0.4
1954-06-30 23:59:59.999999999,1959-06-30 23:59:59.999999999,60,120,0.5,False,25,0.5661538461538461,0.5817884898381168,4.72,0.6,0.6
1955-06-30 23:59:59.999999999,1960-06-30 23:59:59.999999999,60,120,0.5,False,25,0.4876923076923077,0.575154217128562,5.68,0.4,0.4
1956-06-30 23:59:59.999999999,1961-06-30 23:59:59.999999999,60,120,0.5,False,25,0.6876923076923077,0.6948018330465995,4.24,0.4,0.8
1957-06-30 23:59:59.999999999,1962-06-30 23:59:59.999999999,60,120,0.5,False,25,0.5076923076923078,0.5666100401585961,5.84,0.6,0.2
1958-06-30 23:59:59.999999999,1963-06-30 23:59:59.999999999,60,120,0.5,False,25,0.5384615384615384,0.5366216920006914,5.6,0.6,0.2
1959-06-30 23:59:59.999999999,1964-06-30 23:59:59.999999999,60,120,0.5,False,25,0.51,0.4785723873501132,6.0,0.6,0.2
1960-06-30 23:59:59.999999999,1965-06-30 23:59:59.999999999,60,120,0.5,False,25,0.6169230769230769,0.6511000593414572,5.04,0.6,0.2
1961-06-30 23:59:59.999999999,1966-06-30 23:59:59.999999999,60,120,0.5,False,25,0.5976923076923077,0.6088588347796514,4.88,0.6,0.4
1962-06-30 23:59:59.999999999,1967-06-30 23:59:59.999999999,60,120,0.5,False,25,0.5907692307692308,0.5673697640412155,4.8,0.8,0.6
1963-06-30 23:59:59.999999999,1968-06-30 23:59:59.999999999,60,120,0.5,False,25,0.6653846153846155,0.6846947968900148,4.64,0.4,0.8
1964-06-30 23:59:59.999999999,1969-06-30 23:59:59.999999999,60,120,0.5,False,25,0.6869230769230769,0.6870838033709844,4.48,0.4,0.6
1965-06-30 23:59:59.999999999,1970-06-30 23:59:59.999999999,60,120,0.5,False,25,0.6538461538461537,0.6541800746878785,4.88,0.4,0.8
1966-06-30 23:59:59.999999999,1971-06-30 23:59:59.999999999,60,120,0.5,False,25,0.7192307692307691,0.6626993213033089,4.48,0.6,0.6
1967-06-30 23:59:59.999999999,1972-06-30 23:59:59.999999999,60,120,0.5,False,25,0.5900000000000001,0.5576266107703425,5.28,0.4,0.6
1968-06-30 23:59:59.999999999,1973-06-30 23:59:59.999999999,60,120,0.5,False,25,0.4392307692307692,0.45772668848440135,5.6,0.4,0.4
1969-06-30 23:59:59.999999999,1974-06-30 23:59:59.999999999,60,120,0.5,False,25,0.4715384615384615,0.4381466239044645,5.92,0.2,0.4
1970-06-30 23:59:59.999999999,1975-06-30 23:59:59.999999999,60,120,0.5,False,25,0.43692307692307686,0.3900839748492441,5.92,0.2,0.4
1971-06-30 23:59:59.999999999,1976-06-30 23:59:59.999999999,60,120,0.5,False,25,0.2946153846153846,0.21112332539152967,7.44,0.2,0.2
1972-06-30 23:59:59.999999999,1977-06-30 23:59:59.999999999,60,120,0.5,False,25,0.40461538461538454,0.4214932027958692,5.92,0.2,0.4
1973-06-30 23:59:59.999999999,1978-06-30 23:59:59.999999999,60,120,0.5,False,25,0.4815384615384616,0.5020328466475303,6.08,0.2,0.4
1974-06-30 23:59:59.999999999,1979-06-30 23:59:59.999999999,60,120,0.5,False,25,0.3676923076923077,0.49276712943133844,6.8,0.2,0.4
1975-06-30 23:59:59.999999999,1980-06-30 23:59:59.999999999,60,120,0.5,False,25,0.3484615384615385,0.431706814565752,6.08,0.4,0.6
1976-06-30 23:59:59.999999999,1981-06-30 23:59:59.999999999,60,120,0.5,False,25,0.05538461538461539,0.16723403627012734,7.92,0.0,0.4
1977-06-30 23:59:59.999999999,1982-06-30 23:59:59.999999999,60,120,0.5,False,25,0.15384615384615383,0.03482798650741583,7.92,0.4,0.2
1978-06-30 23:59:59.999999999,1983-06-30 23:59:59.999999999,60,120,0.5,False,25,0.31384615384615383,0.13352421075782106,6.64,0.4,0.2
1979-06-30 23:59:59.999999999,1984-06-30 23:59:59.999999999,60,120,0.5,False,25,0.14307692307692307,0.12317336921979904,7.84,0.0,0.2
1980-06-30 23:59:59.999999999,1985-06-30 23:59:59.999999999,60,120,0.5,False,25,0.13846153846153847,0.13353252288640527,7.12,0.0,0.2
1981-06-30 23:59:59.999999999,1986-06-30 23:59:59.999999999,60,120,0.5,False,25,0.3646153846153847,0.2859118661245654,6.64,0.2,0.6
1982-06-30 23:59:59.999999999,1987-06-30 23:59:59.999999999,60,120,0.5,False,25,0.3576923076923077,0.4950483696869568,6.4,0.4,0.6
1983-06-30 23:59:59.999999999,1988-06-30 23:59:59.999999999,60,120,0.5,False,25,0.42230769230769233,0.458436063257295,6.24,0.2,0.6
1984-06-30 23:59:59.999999999,1989-06-30 23:59:59.999999999,60,120,0.5,False,25,0.6938461538461538,0.5002315166852,4.32,0.4,0.4
1985-06-30 23:59:59.999999999,1990-06-30 23:59:59.999999999,60,120,0.5,False,25,0.2453846153846154,0.4131859585738055,6.72,0.2,0.6
1986-06-30 23:59:59.999999999,1991-06-30 23:59:59.999999999,60,120,0.5,False,25,0.22461538461538463,0.3744651370556332,7.44,0.4,0.2
1987-06-30 23:59:59.999999999,1992-06-30 23:59:59.999999999,60,120,0.5,False,25,0.18076923076923077,0.27146269849788085,7.28,0.4,0.2
1988-06-30 23:59:59.999999999,1993-06-30 23:59:59.999999999,60,120,0.5,False,25,0.09999999999999999,0.25894983952323436,7.68,0.4,0.2
1989-06-30 23:59:59.999999999,1994-06-30 23:59:59.999999999,60,120,0.5,False,25,0.2076923076923077,0.4999622533095545,7.12,0.6,0.4
1990-06-30 23:59:59.999999999,1995-06-30 23:59:59.999999999,60,120,0.5,False,25,0.6623076923076924,0.780169341698047,4.56,0.8,0.8
1991-06-30 23:59:59.999999999,1996-06-30 23:59:59.999999999,60,120,0.5,False,25,0.8084615384615383,0.8551134795850341,3.84,0.8,0.6
1992-06-30 23:59:59.999999999,1997-06-30 23:59:59.999999999,60,120,0.5,False,25,0.816923076923077,0.8846278423382492,3.52,0.8,0.6
1993-06-30 23:59:59.999999999,1998-06-30 23:59:59.999999999,60,120,0.5,False,25,0.7638461538461538,0.8199026617590512,4.0,0.8,0.4
1994-06-30 23:59:59.999999999,1999-06-30 23:59:59.999999999,60,120,0.5,False,25,0.7323076923076922,0.7946260418280733,4.24,0.6,0.4
1995-06-30 23:59:59.999999999,2000-06-30 23:59:59.999999999,60,120,0.5,False,25,0.7738461538461539,0.7870816646695027,3.92,0.6,0.6
1996-06-30 23:59:59.999999999,2001-06-30 23:59:59.999999999,60,120,0.5,False,25,0.7215384615384615,0.778048370597814,3.92,0.6,0.8
1997-06-30 23:59:59.999999999,2002-06-30 23:59:59.999999999,60,120,0.5,False,25,0.5315384615384615,0.7101612343755536,5.36,0.4,0.6
1998-06-30 23:59:59.999999999,2003-06-30 23:59:59.999999999,60,120,0.5,False,25,0.5315384615384615,0.6848287883184323,5.04,0.6,0.4
1999-06-30 23:59:59.999999999,2004-06-30 23:59:59.999999999,60,120,0.5,False,25,0.5900000000000001,0.7469576100700709,4.96,0.8,0.4
2000-06-30 23:59:59.999999999,2005-06-30 23:59:59.999999999,60,120,0.5,False,25,0.7015384615384616,0.8331300968114663,3.6,0.8,0.6
2001-06-30 23:59:59.999999999,2006-06-30 23:59:59.999999999,60,120,0.5,False,25,0.7707692307692308,0.8333087044698686,3.44,1.0,0.6
2002-06-30 23:59:59.999999999,2007-06-30 23:59:59.999999999,60,120,0.5,False,25,0.7530769230769231,0.8360168984078903,4.16,0.6,0.6
2003-06-30 23:59:59.999999999,2008-06-30 23:59:59.999999999,60,120,0.5,False,25,0.6084615384615384,0.6629565263449034,4.64,0.6,0.6
2004-06-30 23:59:59.999999999,2009-06-30 23:59:59.999999999,60,120,0.5,False,25,0.43999999999999995,0.5037800956853666,5.84,0.6,0.4
2005-06-30 23:59:59.999999999,2010-06-30 23:59:59.999999999,60,120,0.5,False,25,0.3923076923076923,0.5051750983682228,5.84,0.6,0.4
2006-06-30 23:59:59.999999999,2011-06-30 23:59:59.999999999,60,120,0.5,False,25,0.44846153846153847,0.5506180563024371,6.08,0.4,0.4
2007-06-30 23:59:59.999999999,2012-06-30 23:59:59.999999999,60,120,0.5,False,25,0.4992307692307692,0.629101278046242,6.08,0.4,0.4
2008-06-30 23:59:59.999999999,2013-06-30 23:59:59.999999999,60,120,0.5,False,25,0.6953846153846154,0.7544589031717515,4.32,0.6,0.6
2009-06-30 23:59:59.999999999,2014-06-30 23:59:59.999999999,60,120,0.5,False,25,0.7461538461538462,0.7598708848021118,4.0,0.6,0.6
2010-06-30 23:59:59.999999999,2015-06-30 23:59:59.999999999,60,120,0.5,False,25,0.7938461538461539,0.8155603940476646,3.6,0.4,0.8
2011-06-30 23:59:59.999999999,2016-06-30 23:59:59.999999999,60,120,0.5,False,25,0.6292307692307691,0.7392053550459262,5.28,0.4,0.8
2012-06-30 23:59:59.999999999,2017-06-30 23:59:59.999999999,60,120,0.5,False,25,0.5107692307692308,0.6412628965827923,5.84,0.0,0.6
2013-06-30 23:59:59.999999999,2018-06-30 23:59:59.999999999,60,120,0.5,False,25,0.5584615384615385,0.6125948604910438,4.96,0.4,0.8
2014-06-30 23:59:59.999999999,2019-06-30 23:59:59.999999999,60,120,0.5,False,25,0.4992307692307692,0.4897715775834811,5.68,0.4,0.6
2015-06-30 23:59:59.999999999,2020-06-30 23:59:59.999999999,60,120,0.5,False,25,0.653076923076923,0.6247940639199664,4.96,0.6,0.4
2016-06-30 23:59:59.999999999,2021-06-30 23:59:59.999999999,60,120,0.5,False,25,0.6015384615384615,0.5578076953834571,4.64,0.6,0.4
2017-06-30 23:59:59.999999999,2022-06-30 23:59:59.999999999,60,120,0.5,False,25,0.6761538461538462,0.6751492325449702,4.32,0.8,0.6
2018-06-30 23:59:59.999999999,2023-06-30 23:59:59.999999999,60,120,0.5,False,25,0.6130769230769231,0.7206329963521909,4.32,0.8,0.4
2019-06-30 23:59:59.999999999,2024-06-30 23:59:59.999999999,60,120,0.5,False,25,0.6238461538461538,0.6898021774114076,4.56,0.6,0.6
2020-06-30 23:59:59.999999999,2025-06-30 23:59:59.999999999,60,120,0.5,False,25,0.40230769230769226,0.4358729055491457,5.6,0.6,0.4
1936-06-30 23:59:59.999999999,1946-06-30 23:59:59.999999999,120,120,0.0,True,25,0.03769230769230769,0.06392090627310645,8.0,0.4,0.2
1937-06-30 23:59:59.999999999,1947-06-30 23:59:59.999999999,120,120,0.0,True,25,-0.02692307692307692,-0.04920341753191482,7.84,0.4,0.2
1938-06-30 23:59:59.999999999,1948-06-30 23:59:59.999999999,120,120,0.0,True,25,0.03846153846153846,0.030929213901231975,7.92,0.0,0.2
1939-06-30 23:59:59.999999999,1949-06-30 23:59:59.999999999,120,120,0.0,True,25,-0.1853846153846154,-0.16741883069039362,9.6,0.0,0.0
1940-06-30 23:59:59.999999999,1950-06-30 23:59:59.999999999,120,120,0.0,True,25,-0.1815384615384615,-0.1527249087146127,9.12,0.2,0.0
1941-06-30 23:59:59.999999999,1951-06-30 23:59:59.999999999,120,120,0.0,True,25,-0.1769230769230769,-0.13550013392168117,8.96,0.2,0.2
1942-06-30 23:59:59.999999999,1952-06-30 23:59:59.999999999,120,120,0.0,True,25,-0.19999999999999998,-0.22250545688866444,9.28,0.2,0.0
1943-06-30 23:59:59.999999999,1953-06-30 23:59:59.999999999,120,120,0.0,True,25,0.06230769230769231,0.10260660135069401,6.64,0.2,0.4
1944-06-30 23:59:59.999999999,1954-06-30 23:59:59.999999999,120,120,0.0,True,25,0.09923076923076923,0.17009358170074812,7.6,0.2,0.2
1945-06-30 23:59:59.999999999,1955-06-30 23:59:59.999999999,120,120,0.0,True,25,0.057692307692307696,0.1730919408148615,7.68,0.2,0.4
1946-06-30 23:59:59.999999999,1956-06-30 23:59:59.999999999,120,120,0.0,True,25,-0.03153846153846154,0.1186724931965801,8.4,0.4,0.2
1947-06-30 23:59:59.999999999,1957-06-30 23:59:59.999999999,120,120,0.0,True,25,-0.06538461538461539,0.0395153872156516,8.88,0.2,0.2
1948-06-30 23:59:59.999999999,1958-06-30 23:59:59.999999999,120,120,0.0,True,25,-0.03307692307692307,-0.05980446860296704,8.4,0.2,0.2
1949-06-30 23:59:59.999999999,1959-06-30 23:59:59.999999999,120,120,0.0,True,25,0.3653846153846153,0.35086232596196326,6.32,0.4,0.2
1950-06-30 23:59:59.999999999,1960-06-30 23:59:59.999999999,120,120,0.0,True,25,0.36,0.41067903441496095,6.8,0.2,0.4
1951-06-30 23:59:59.999999999,1961-06-30 23:59:59.999999999,120,120,0.0,True,25,0.3353846153846154,0.3453036116588499,6.4,0.4,0.4
1952-06-30 23:59:59.999999999,1962-06-30 23:59:59.999999999,120,120,0.0,True,25,0.4053846153846154,0.4809391182345628,5.44,0.6,0.4
1953-06-30 23:59:59.999999999,1963-06-30 23:59:59.999999999,120,120,0.0,True,25,0.41615384615384615,0.4107088836323868,5.2,0.6,0.4
1954-06-30 23:59:59.999999999,1964-06-30 23:59:59.999999999,120,120,0.0,True,25,0.49,0.46351161396487445,5.2,0.6,0.4
1955-06-30 23:59:59.999999999,1965-06-30 23:59:59.999999999,120,120,0.0,True,25,0.4707692307692308,0.4819338852095534,5.52,0.6,0.6
1956-06-30 23:59:59.999999999,1966-06-30 23:59:59.999999999,120,120,0.0,True,25,0.5061538461538462,0.4863391588890221,5.84,0.6,0.2
1957-06-30 23:59:59.999999999,1967-06-30 23:59:59.999999999,120,120,0.0,True,25,0.27153846153846156,0.2508795208150515,6.96,0.6,0.4
1958-06-30 23:59:59.999999999,1968-06-30 23:59:59.999999999,120,120,0.0,True,25,0.18846153846153846,0.23108758992735481,7.44,0.2,0.2
1959-06-30 23:59:59.999999999,1969-06-30 23:59:59.999999999,120,120,0.0,True,25,0.2323076923076923,0.20827875761547812,7.92,0.2,0.0
1960-06-30 23:59:59.999999999,1970-06-30 23:59:59.999999999,120,120,0.0,True,25,0.24615384615384614,0.314209349048337,7.2,0.2,0.2
1961-06-30 23:59:59.999999999,1971-06-30 23:59:59.999999999,120,120,0.0,True,25,0.33307692307692305,0.2712413246000612,7.2,0.4,0.4
1962-06-30 23:59:59.999999999,1972-06-30 23:59:59.999999999,120,120,0.0,True,25,0.12,0.07038908260051366,7.52,0.2,0.2
1963-06-30 23:59:59.999999999,1973-06-30 23:59:59.999999999,120,120,0.0,True,25,0.07538461538461538,0.05631885394587725,8.56,0.0,0.2
1964-06-30 23:59:59.999999999,1974-06-30 23:59:59.999999999,120,120,0.0,True,25,-0.06769230769230769,-0.060670936174487974,9.28,0.0,0.0
1965-06-30 23:59:59.999999999,1975-06-30 23:59:59.999999999,120,120,0.0,True,25,0.010769230769230769,-0.04569002515405309,8.56,0.0,0.2
1966-06-30 23:59:59.999999999,1976-06-30 23:59:59.999999999,120,120,0.0,True,25,0.13153846153846155,0.02764433236185719,7.84,0.0,0.2
1967-06-30 23:59:59.999999999,1977-06-30 23:59:59.999999999,120,120,0.0,True,25,0.3492307692307692,0.2826415488540551,6.64,0.2,0.4
1968-06-30 23:59:59.999999999,1978-06-30 23:59:59.999999999,120,120,0.0,True,25,0.35,0.28096481977162735,6.8,0.2,0.2
1969-06-30 23:59:59.999999999,1979-06-30 23:59:59.999999999,120,120,0.0,True,25,0.25,0.225781232110131,6.96,0.0,0.6
1970-06-30 23:59:59.999999999,1980-06-30 23:59:59.999999999,120,120,0.0,True,25,0.012307692307692308,0.0749048397271741,7.92,0.2,0.2
1971-06-30 23:59:59.999999999,1981-06-30 23:59:59.999999999,120,120,0.0,True,25,0.14615384615384616,0.08012157992934858,7.76,0.4,0.4
1972-06-30 23:59:59.999999999,1982-06-30 23:59:59.999999999,120,120,0.0,True,25,-0.19,-0.24070723019784646,8.96,0.0,0.0
1973-06-30 23:59:59.999999999,1983-06-30 23:59:59.999999999,120,120,0.0,True,25,-0.24923076923076923,-0.29019683695330256,9.52,0.0,0.2
1974-06-30 23:59:59.999999999,1984-06-30 23:59:59.999999999,120,120,0.0,True,25,-0.4438461538461538,-0.3604331432380833,10.4,0.0,0.2
1975-06-30 23:59:59.999999999,1985-06-30 23:59:59.999999999,120,120,0.0,True,25,-0.53,-0.4864213490500953,10.8,0.0,0.2
1976-06-30 23:59:59.999999999,1986-06-30 23:59:59.999999999,120,120,0.0,True,25,-0.30846153846153845,-0.2758027242197427,9.68,0.0,0.2
1977-06-30 23:59:59.999999999,1987-06-30 23:59:59.999999999,120,120,0.0,True,25,-0.3223076923076923,-0.30917336760900316,9.84,0.0,0.2
1978-06-30 23:59:59.999999999,1988-06-30 23:59:59.999999999,120,120,0.0,True,25,-0.11538461538461539,-0.24202550852280508,8.88,0.0,0.2
1979-06-30 23:59:59.999999999,1989-06-30 23:59:59.999999999,120,120,0.0,True,25,-0.2030769230769231,-0.35420515119556906,9.52,0.0,0.0
1980-06-30 23:59:59.999999999,1990-06-30 23:59:59.999999999,120,120,0.0,True,25,-0.37846153846153846,-0.2690739257614633,10.24,0.0,0.0
1981-06-30 23:59:59.999999999,1991-06-30 23:59:59.999999999,120,120,0.0,True,25,-0.3146153846153846,-0.2873170813612379,9.92,0.2,0.0
1982-06-30 23:59:59.999999999,1992-06-30 23:59:59.999999999,120,120,0.0,True,25,-0.2353846153846154,-0.11978553288242724,9.6,0.2,0.0
1983-06-30 23:59:59.999999999,1993-06-30 23:59:59.999999999,120,120,0.0,True,25,-0.15846153846153843,-0.12176429382277028,8.48,0.2,0.2
1984-06-30 23:59:59.999999999,1994-06-30 23:59:59.999999999,120,120,0.0,True,25,-0.05384615384615384,0.10539039255159628,8.72,0.2,0.2
1985-06-30 23:59:59.999999999,1995-06-30 23:59:59.999999999,120,120,0.0,True,25,-0.14076923076923076,0.0679193814060137,9.36,0.2,0.4
1986-06-30 23:59:59.999999999,1996-06-30 23:59:59.999999999,120,120,0.0,True,25,0.24692307692307694,0.35144882762808516,7.36,0.4,0.2
1987-06-30 23:59:59.999999999,1997-06-30 23:59:59.999999999,120,120,0.0,True,25,0.35230769230769227,0.38698027936720275,6.48,0.4,0.2
1988-06-30 23:59:59.999999999,1998-06-30 23:59:59.999999999,120,120,0.0,True,25,0.2884615384615385,0.3585766960826392,6.48,0.2,0.4
1989-06-30 23:59:59.999999999,1999-06-30 23:59:59.999999999,120,120,0.0,True,25,0.33692307692307694,0.4305092907872671,6.72,0.4,0.4
1990-06-30 23:59:59.999999999,2000-06-30 23:59:59.999999999,120,120,0.0,True,25,0.45076923076923076,0.5629834627195045,5.84,0.6,0.6
1991-06-30 23:59:59.999999999,2001-06-30 23:59:59.999999999,120,120,0.0,True,25,0.5446153846153846,0.6433370322371929,5.04,0.6,0.4
1992-06-30 23:59:59.999999999,2002-06-30 23:59:59.999999999,120,120,0.0,True,25,0.3553846153846154,0.5509189554002103,6.88,0.4,0.4
1993-06-30 23:59:59.999999999,2003-06-30 23:59:59.999999999,120,120,0.0,True,25,0.21923076923076923,0.3785312818604871,7.12,0.4,0.2
1994-06-30 23:59:59.999999999,2004-06-30 23:59:59.999999999,120,120,0.0,True,25,0.3223076923076923,0.46364618024080034,6.48,0.4,0.2
1995-06-30 23:59:59.999999999,2005-06-30 23:59:59.999999999,120,120,0.0,True,25,0.39384615384615385,0.5263258736715852,6.16,0.6,0.4
1996-06-30 23:59:59.999999999,2006-06-30 23:59:59.999999999,120,120,0.0,True,25,0.5761538461538462,0.5786459169965299,4.4,0.6,0.6
1997-06-30 23:59:59.999999999,2007-06-30 23:59:59.999999999,120,120,0.0,True,25,0.4753846153846154,0.5030541440253666,5.2,0.4,0.4
1998-06-30 23:59:59.999999999,2008-06-30 23:59:59.999999999,120,120,0.0,True,25,0.3192307692307692,0.4122942057526952,6.64,0.4,0.2
1999-06-30 23:59:59.999999999,2009-06-30 23:59:59.999999999,120,120,0.0,True,25,0.3376923076923077,0.339410718166532,6.4,0.6,0.4
2000-06-30 23:59:59.999999999,2010-06-30 23:59:59.999999999,120,120,0.0,True,25,0.30076923076923073,0.4337101315015426,6.8,0.6,0.4
2001-06-30 23:59:59.999999999,2011-06-30 23:59:59.999999999,120,120,0.0,True,25,0.27692307692307694,0.4478473383072828,6.72,0.4,0.4
2002-06-30 23:59:59.999999999,2012-06-30 23:59:59.999999999,120,120,0.0,True,25,0.3069230769230769,0.48081155572589673,6.48,0.2,0.4
2003-06-30 23:59:59.999999999,2013-06-30 23:59:59.999999999,120,120,0.0,True,25,0.2123076923076923,0.30164269923328735,7.28,0.2,0.4
2004-06-30 23:59:59.999999999,2014-06-30 23:59:59.999999999,120,120,0.0,True,25,0.2453846153846154,0.3119891229692488,6.88,0.2,0.4
2005-06-30 23:59:59.999999999,2015-06-30 23:59:59.999999999,120,120,0.0,True,25,0.44538461538461543,0.5121998373258524,6.24,0.4,0.4
2006-06-30 23:59:59.999999999,2016-06-30 23:59:59.999999999,120,120,0.0,True,25,0.3984615384615384,0.49133295728435156,6.24,0.4,0.4
2007-06-30 23:59:59.999999999,2017-06-30 23:59:59.999999999,120,120,0.0,True,25,0.3830769230769231,0.4931024563757901,6.24,0.2,0.4
2008-06-30 23:59:59.999999999,2018-06-30 23:59:59.999999999,120,120,0.0,True,25,0.5446153846153846,0.6496676500536036,5.36,0.6,0.6
2009-06-30 23:59:59.999999999,2019-06-30 23:59:59.999999999,120,120,0.0,True,25,0.3830769230769231,0.3706373003318465,6.48,0.6,0.6
2010-06-30 23:59:59.999999999,2020-06-30 23:59:59.999999999,120,120,0.0,True,25,0.42000000000000004,0.4480052071362187,6.64,0.4,0.4
2011-06-30 23:59:59.999999999,2021-06-30 23:59:59.999999999,120,120,0.0,True,25,0.2930769230769231,0.37134457061971426,7.36,0.2,0.4
2012-06-30 23:59:59.999999999,2022-06-30 23:59:59.999999999,120,120,0.0,True,25,0.41615384615384615,0.4150750126124717,5.92,0.2,0.4
2013-06-30 23:59:59.999999999,2023-06-30 23:59:59.999999999,120,120,0.0,True,25,0.3707692307692308,0.43778620864933854,5.68,0.4,0.4
2014-06-30 23:59:59.999999999,2024-06-30 23:59:59.999999999,120,120,0.0,True,25,0.3507692307692308,0.45924016118945954,6.24,0.4,0.4
2015-06-30 23:59:59.999999999,2025-06-30 23:59:59.999999999,120,120,0.0,True,25,0.16538461538461538,0.21751506642154628,7.84,0.4,0.2
