portfolio,model_type,factor_model,sample_start,sample_end,number_of_portfolios,number_of_observations,n_obs,log_likelihood,AIC,BIC,sigma_v,sigma_u,lambda,normal_log_likelihood,boundary_lr_stat,boundary_mixture_p_value,one_sided_component_supported,converged,runtime_seconds,residual_mean,residual_std,residual_skewness,residual_kurtosis,jarque_bera_p_value,durbin_watson,ljung_box_lag_12_p_value,arch_lm_lag_12_p_value
BIG HiBM,half_normal,ff3,1926-07-31 23:59:59.999999999,2025-11-30 23:59:59.999999999,25,29825,1193,2332.575338447865,-4653.15067689573,-4622.645318363142,0.03424698439094114,0.0,0.0,2332.5753506870183,0.0,0.5,False,True,0.31172591899940016,5.118379409420252e-19,0.03426134672513969,1.1298045636715524,14.831127262900676,0.0,1.8091623260268364,4.4046434526061615e-05,9.421815969333966e-74
BIG LoBM,half_normal,ff3,1926-07-31 23:59:59.999999999,2025-11-30 23:59:59.999999999,25,29825,1193,3664.001662032192,-7316.003324064384,-7285.497965531797,0.011218524150854638,0.0,0.0,3664.0017172881917,0.0,0.5,False,True,0.2443765150001127,6.979608285573071e-19,0.011223228921097464,0.3877352978513257,1.8297342293181265,7.708614155199987e-43,1.872437422098118,0.4406240902904039,5.3703930513755055e-15
ME1 BM2,half_normal,ff3,1926-07-31 23:59:59.999999999,2025-11-30 23:59:59.999999999,25,29825,1193,2130.526246137876,-4249.052492275752,-4218.5471337431645,0.04056723418692236,0.0,0.0,2130.526261366034,0.0,0.5,False,True,0.19618409600025188,-1.861228876152819e-19,0.04058424707682391,1.5142934529072747,21.63550055562273,0.0,2.058674195755313,1.2500244465308403e-06,1.5397731697288137e-65
ME1 BM3,half_normal,ff3,1926-07-31 23:59:59.999999999,2025-11-30 23:59:59.999999999,25,29825,1193,2513.161210127539,-5014.322420255078,-4983.8170617224905,0.029436261124167765,0.0,0.0,2513.16122558958,0.0,0.5,False,True,0.1875610550005149,3.164089089459792e-18,0.029448605960577152,2.2279034648187515,20.78613409396509,0.0,2.37750453584065,1.225211744032091e-09,7.717214211692511e-15
ME1 BM4,half_normal,ff3,1926-07-31 23:59:59.999999999,2025-11-30 23:59:59.999999999,25,29825,1193,2858.8817021673603,-5705.763404334721,-5675.258045802133,0.022030688715528435,0.0,0.0,2858.881725137898,0.0,0.5,False,True,0.2448920659999203,-1.2330641304512426e-18,0.022039927838901886,2.080718740208278,31.3581169123565,0.0,2.1799492083092984,1.3668956153578623e-07,8.272496888296645e-21
ME2 BM1,half_normal,ff3,1926-07-31 23:59:59.999999999,2025-11-30 23:59:59.999999999,25,29825,1193,2764.3597495700556,-5516.719499140111,-5486.214140607523,0.02387265656399853,0.0,0.0,2763.087041208439,2.5454167232328473,0.05530736125154013,False,True,0.1524129110002832,2.3265360951910238e-20,0.023882668162913786,0.07004661205940331,6.541849896034343,0.0,2.3195707742123632,2.9192875669039285e-12,5.6854282601281874e-80
ME2 BM2,half_normal,ff3,1926-07-31 23:59:59.999999999,2025-11-30 23:59:59.999999999,25,29825,1193,3023.742823098454,-6035.485646196908,-6004.980287664321,0.019187250761816925,0.0,0.0,3023.742857180988,0.0,0.5,False,True,0.2515936280005917,1.3959216571146142e-18,0.019195297417973472,1.0564193248127067,11.912869348025827,0.0,2.145384286696622,1.6145693177979898e-10,1.5992125818727888e-33
ME2 BM3,half_normal,ff3,1926-07-31 23:59:59.999999999,2025-11-30 23:59:59.999999999,25,29825,1193,3068.2291675622946,-6124.458335124589,-6093.9529765920015,0.018484944132385543,0.0,0.0,3068.2291896280176,0.0,0.5,False,True,0.2525942940001187,-1.1400026866436016e-18,0.01849269625859438,0.7429464786947214,16.60767891761162,0.0,1.9662491942946982,0.0024381744903159736,3.267629645739413e-36
ME2 BM4,half_normal,ff3,1926-07-31 23:59:59.999999999,2025-11-30 23:59:59.999999999,25,29825,1193,3215.3402137657795,-6418.680427531559,-6388.175068998971,0.016340467794254437,0.0,0.0,3215.340229375441,0.0,0.5,False,True,0.28759469500073465,2.058984444244056e-18,0.016347320580378397,1.6805073676155322,19.18682756307719,0.0,1.8881320728465052,0.0013158304086700893,1.8621895585502336e-36
ME2 BM5,half_normal,ff3,1926-07-31 23:59:59.999999999,2025-11-30 23:59:59.999999999,25,29825,1193,3041.6027826519967,-6071.205565303993,-6040.700206771406,0.018901874271051142,0.0,0.0,3041.619903391883,0.0,0.5,False,True,0.20333882900013123,5.955932403689021e-18,0.01890980124739921,0.3294701043853018,10.294095376612857,0.0,2.0614632346197967,9.014681449016719e-09,3.1237075114764477e-54
ME3 BM1,half_normal,ff3,1926-07-31 23:59:59.999999999,2025-11-30 23:59:59.999999999,25,29825,1193,2983.2294193857892,-5954.4588387715785,-5923.953480238991,0.019850025940226886,0.0,0.0,2983.2294381763886,0.0,0.5,False,True,0.3062985149999804,2.1869439294795625e-18,0.019858350547822954,1.6482680892772865,20.50455402028489,0.0,2.0389493488053736,0.05568739790076306,0.00028865506686698007
ME3 BM2,half_normal,ff3,1926-07-31 23:59:59.999999999,2025-11-30 23:59:59.999999999,25,29825,1193,3155.562221545474,-6299.124443090948,-6268.619084558361,0.017180104483331488,0.0,0.0,3155.5622438341015,0.0,0.5,False,True,0.2597042010002042,5.81634023797756e-20,0.017187309392217444,0.6519176621811807,5.36286685491968,0.0,2.1198408866347562,0.599309184739963,1.691557540071225e-41
ME3 BM3,half_normal,ff3,1926-07-31 23:59:59.999999999,2025-11-30 23:59:59.999999999,25,29825,1193,3131.413798340519,-6250.827596681038,-6220.32223814845,0.01753140323987701,0.0,0.0,3131.4138415496145,0.0,0.5,False,True,0.3050288169997657,5.490625184650816e-18,0.017538755474731514,0.42342461479377413,7.498193468862418,0.0,2.107815915857084,0.21288102051951885,2.227339495485467e-29
ME3 BM4,half_normal,ff3,1926-07-31 23:59:59.999999999,2025-11-30 23:59:59.999999999,25,29825,1193,3119.1464637937224,-6226.292927587445,-6195.787569054857,0.017731308031703658,0.0,0.0,3117.8874300570546,2.5180674733355772,0.05627421901170196,False,True,0.16148038800020004,2.5824550656620365e-18,0.017738744101660115,0.05651564397275611,5.537822248416333,0.0,2.0947986589830827,0.21117428387620754,2.8770704144358616e-38
ME3 BM5,half_normal,ff3,1926-07-31 23:59:59.999999999,2025-11-30 23:59:59.999999999,25,29825,1193,2801.925360986209,-5591.850721972418,-5561.34536343983,0.023107992119289298,0.0,0.0,2801.925383213766,0.0,0.5,False,True,0.2827145199998995,2.280005373287203e-18,0.02311768303693874,1.6047550095456944,16.949256817388207,0.0,2.2393964680167606,0.003294548074368158,5.140463723089039e-08
ME4 BM1,half_normal,ff3,1926-07-31 23:59:59.999999999,2025-11-30 23:59:59.999999999,25,29825,1193,3211.622462446932,-6411.244924893864,-6380.739566361276,0.016391468949605376,0.0,0.0,3211.6224886227556,0.0,0.5,False,True,0.2569457549998333,3.4898041427865354e-19,0.01639834312434648,0.6338469482173628,4.739006073125182,6.605572120441386e-258,1.9782266619077804,0.08997089357393934,8.306826383722927e-20
ME4 BM2,half_normal,ff3,1926-07-31 23:59:59.999999999,2025-11-30 23:59:59.999999999,25,29825,1193,3175.855367668293,-6339.710735336586,-6309.205376803999,0.016890338943873547,0.0,0.0,3175.8554122890127,0.0,0.5,False,True,0.2333766960000503,2.0473517637681007e-18,0.016897422332293074,0.7320818548958967,6.691602799844581,0.0,1.863933944554846,0.0036940452015018365,3.3239931059362156e-23
ME4 BM3,half_normal,ff3,1926-07-31 23:59:59.999999999,2025-11-30 23:59:59.999999999,25,29825,1193,3080.5452077274776,-6149.090415454955,-6118.585056922368,0.018294232936741647,0.0,0.0,3080.60143466944,0.0,0.5,False,True,0.16827532800016343,7.677569114130379e-19,0.018301905083414303,0.20984909878155927,4.786460845084387,2.471432436016225e-247,1.9087845194554538,0.3171451575176774,1.3533469555525442e-45
ME4 BM4,half_normal,ff3,1926-07-31 23:59:59.999999999,2025-11-30 23:59:59.999999999,25,29825,1193,2981.580834151041,-5951.161668302082,-5920.656309769494,0.019877475132805866,0.0,0.0,2981.5808627023075,0.0,0.5,False,True,0.2739585110002736,2.326536095191024e-18,0.019885811251911176,0.5059982480962375,5.785762429383176,0.0,2.0799015588477734,0.01475390303611279,5.1726525284740935e-17
ME4 BM5,half_normal,ff3,1926-07-31 23:59:59.999999999,2025-11-30 23:59:59.999999999,25,29825,1193,2679.3794254347804,-5346.758850869561,-5316.253492336973,0.02560786046660464,0.0,0.0,2679.37944859068,0.0,0.5,False,True,0.3021255769999698,6.793485397957789e-18,0.02561859976691595,0.2383205787234393,3.517360253576407,3.2176118064032764e-135,2.0281639258468735,0.2549033598439174,6.637745017750642e-25
ME5 BM2,half_normal,ff3,1926-07-31 23:59:59.999999999,2025-11-30 23:59:59.999999999,25,29825,1193,3391.4617950537217,-6770.9235901074435,-6740.418231574856,0.01409775472355278,0.0,0.0,3391.461832241396,0.0,0.5,False,True,0.30268349400012085,-2.326536095191024e-19,0.014103666971547447,0.2692876251125157,1.7300990439468693,1.0576510864593746e-35,1.9945527910621892,0.17668704839053365,2.4341047729304916e-30
ME5 BM3,half_normal,ff3,1926-07-31 23:59:59.999999999,2025-11-30 23:59:59.999999999,25,29825,1193,3158.0043306103134,-6304.008661220627,-6273.503302688039,0.015022750739941892,0.013769653143593748,0.9165866745684291,3154.897486356548,6.213688507530605,0.006338311367627318,True,True,0.13418667699988873,4.538665838010466e-09,0.013207023794258383,0.5462830005749685,3.6388018520292302,6.4873435366867675e-155,1.8178992376867011,0.05902384779105867,3.2771463861705693e-15
ME5 BM4,half_normal,ff3,1926-07-31 23:59:59.999999999,2025-11-30 23:59:59.999999999,25,29825,1193,3099.9471143151413,-6187.894228630283,-6157.388870097695,0.015531043035852897,0.015196441310526373,0.97845593985194,3093.9056436404535,12.082941349375687,0.00025442628125263157,True,True,0.1817903840001236,-2.7523245744072764e-09,0.013461270786699174,0.8050462190962445,6.318775643474137,0.0,1.9847832556636582,0.00033110534624062097,2.415773643032256e-48
SMALL HiBM,half_normal,ff3,1926-07-31 23:59:59.999999999,2025-11-30 23:59:59.999999999,25,29825,1193,2736.0152742565524,-5460.030548513105,-5429.525189980517,0.024420572052169413,0.0,0.0,2736.0152862087534,0.0,0.5,False,True,0.1838671230007094,1.5355138228260757e-18,0.02443081343322443,2.952113653933802,32.491953337982,0.0,2.3943684278097512,3.444506402391999e-10,4.119724237964233e-06
SMALL LoBM,half_normal,ff3,1926-07-31 23:59:59.999999999,2025-11-30 23:59:59.999999999,25,29825,1193,1496.0222072906013,-2980.0444145812025,-2949.539056048615,0.06904901183620805,0.0,0.0,1496.0222110044344,0.0,0.5,False,True,0.16665077000016026,4.2808264151514836e-18,0.06907796927586903,3.4580825114912352,53.90362539303292,0.0,2.050230402362916,3.409286278764224e-23,9.059143526363976e-34
